run_id,method,seed,region,n_points,arch,depth,rmse,ll,picp95,mpiw95,sigma_fitted,cal_err,cal_bias,n_parameters,fit_seconds,variant,n_train,grid_points,noise_sigma,epochs,z,cal_levels,torch_threads,quick,cache
20260910T121336Z,map,0,in_range,300,d2_h50_tanh,2.0,0.0959101546949229,0.9220208908657148,0.96,0.3989385634303667,0.1017719117741813,0.0221212121212121,0.0221212121212121,2702,0.004,,250,500,0.1,4000,1.959963984540054,0.1|0.2|0.3|0.4|0.5|0.6|0.7|0.8|0.9|0.95|0.99,1,False,True
20260910T121336Z,map,0,extrapolation,200,d2_h50_tanh,2.0,0.5881526569763509,-15.333063543610445,0.165,0.3989385634303666,0.1017719117741813,0.505,-0.505,2702,0.004,,250,500,0.1,4000,1.959963984540054,0.1|0.2|0.3|0.4|0.5|0.6|0.7|0.8|0.9|0.95|0.99,1,False,True
20260910T121336Z,map,0,overall,500,d2_h50_tanh,2.0,0.3793266057469457,-5.580012882924747,0.642,0.3989385634303667,0.1017719117741813,0.1887272727272727,-0.1887272727272727,2702,0.004,,250,500,0.1,4000,1.959963984540054,0.1|0.2|0.3|0.4|0.5|0.6|0.7|0.8|0.9|0.95|0.99,1,False,True
20260910T121336Z,mcd,0,in_range,300,d2_h50_tanh,2.0,0.1100327543036008,0.6313359177306859,1.0,0.6804315301542603,0.146293728592963,0.1387878787878788,0.1387878787878788,2702,0.011,,250,500,0.1,4000,1.959963984540054,0.1|0.2|0.3|0.4|0.5|0.6|0.7|0.8|0.9|0.95|0.99,1,False,True
20260910T121336Z,mcd,0,extrapolation,200,d2_h50_tanh,2.0,0.8799594932667703,-10.734509370659422,0.095,0.7194835578115779,0.146293728592963,0.5472727272727272,-0.5472727272727272,2702,0.011,,250,500,0.1,4000,1.959963984540054,0.1|0.2|0.3|0.4|0.5|0.6|0.7|0.8|0.9|0.95|0.99,1,False,True
20260910T121336Z,mcd,0,overall,500,d2_h50_tanh,2.0,0.5630238077807246,-3.915002197625357,0.638,0.6960523412171873,0.146293728592963,0.1414545454545454,-0.1356363636363636,2702,0.011,,250,500,0.1,4000,1.959963984540054,0.1|0.2|0.3|0.4|0.5|0.6|0.7|0.8|0.9|0.95|0.99,1,False,True
20260910T121336Z,ensemble,0,in_range,300,d2_h50_tanh,2.0,0.0940555955581081,0.9368507796650568,0.9633333333333334,0.4042869407420715,0.1026357755986718,0.03,0.03,13510,0.052,,250,500,0.1,4000,1.959963984540054,0.1|0.2|0.3|0.4|0.5|0.6|0.7|0.8|0.9|0.95|0.99,1,False,True
20260910T121336Z,ensemble,0,extrapolation,200,d2_h50_tanh,2.0,0.5084159565816412,-1.148430530055372,0.575,0.9161181053025284,0.1026357755986718,0.3513636363636364,-0.3513636363636364,13510,0.052,,250,500,0.1,4000,1.959963984540054,0.1|0.2|0.3|0.4|0.5|0.6|0.7|0.8|0.9|0.95|0.99,1,False,True
20260910T121336Z,ensemble,0,overall,500,d2_h50_tanh,2.0,0.3297007537088812,0.1027382557768855,0.808,0.6090194065662542,0.1026357755986718,0.1225454545454545,-0.1225454545454545,13510,0.052,,250,500,0.1,4000,1.959963984540054,0.1|0.2|0.3|0.4|0.5|0.6|0.7|0.8|0.9|0.95|0.99,1,False,True
20260910T121336Z,bbb,0,in_range,300,d2_h50_tanh,2.0,0.1072928247160632,0.8129555481954099,0.9566666666666668,0.4144057904367682,0.1044701729252554,0.0109090909090909,0.0018181818181818,5403,0.014,,250,500,0.1,4000,1.959963984540054,0.1|0.2|0.3|0.4|0.5|0.6|0.7|0.8|0.9|0.95|0.99,1,False,True
20260910T121336Z,bbb,0,extrapolation,200,d2_h50_tanh,2.0,0.8037047446887121,-27.407661542740904,0.075,0.4153444548493363,0.1044701729252554,0.5477272727272727,-0.5477272727272727,5403,0.014,,250,500,0.1,4000,1.959963984540054,0.1|0.2|0.3|0.4|0.5|0.6|0.7|0.8|0.9|0.95|0.99,1,False,True
20260910T121336Z,bbb,0,overall,500,d2_h50_tanh,2.0,0.5150568675354115,-10.475291288179116,0.604,0.4147812562017955,0.1044701729252554,0.218,-0.218,5403,0.014,,250,500,0.1,4000,1.959963984540054,0.1|0.2|0.3|0.4|0.5|0.6|0.7|0.8|0.9|0.95|0.99,1,False,True
20260910T121336Z,laplace,0,in_range,300,d2_h50_tanh,2.0,0.0959101546949229,0.9208287801902414,0.9666666666666668,0.4066322207995771,0.1017719117741813,0.0257575757575757,0.0257575757575757,2702,3.155,,250,500,0.1,4000,1.959963984540054,0.1|0.2|0.3|0.4|0.5|0.6|0.7|0.8|0.9|0.95|0.99,1,False,True
20260910T121336Z,laplace,0,extrapolation,200,d2_h50_tanh,2.0,0.5881526569763509,-1.936358511907556,0.61,1.1385992654478942,0.1017719117741813,0.3013636363636363,-0.3013636363636363,2702,3.155,,250,500,0.1,4000,1.959963984540054,0.1|0.2|0.3|0.4|0.5|0.6|0.7|0.8|0.9|0.95|0.99,1,False,True
20260910T121336Z,laplace,0,overall,500,d2_h50_tanh,2.0,0.3793266057469457,-0.2220461366488774,0.824,0.699419038658904,0.1017719117741813,0.1050909090909091,-0.1050909090909091,2702,3.155,,250,500,0.1,4000,1.959963984540054,0.1|0.2|0.3|0.4|0.5|0.6|0.7|0.8|0.9|0.95|0.99,1,False,True
20260910T121336Z,gp,0,in_range,300,,,0.0930810120941257,0.9444410856402924,0.9666666666666668,0.4072570916142373,0.1026592158717618,0.0381818181818181,0.0381818181818181,3,0.018,,250,500,0.1,4000,1.959963984540054,0.1|0.2|0.3|0.4|0.5|0.6|0.7|0.8|0.9|0.95|0.99,1,False,True
20260910T121336Z,gp,0,extrapolation,200,,,0.1292107931138128,0.3718959622345305,1.0,1.090295405137412,0.1026592158717618,0.1895454545454545,0.1895454545454545,3,0.018,,250,500,0.1,4000,1.959963984540054,0.1|0.2|0.3|0.4|0.5|0.6|0.7|0.8|0.9|0.95|0.99,1,False,True
20260910T121336Z,gp,0,overall,500,,,0.1089798903941469,0.7154230362779874,0.98,0.6804724170235072,0.1026592158717618,0.0987272727272727,0.0987272727272727,3,0.018,,250,500,0.1,4000,1.959963984540054,0.1|0.2|0.3|0.4|0.5|0.6|0.7|0.8|0.9|0.95|0.99,1,False,True
20260910T121336Z,map,1,in_range,300,d2_h50_tanh,2.0,0.1069348752734624,0.7796493562883209,0.9066666666666666,0.3498982345429974,0.089261393909008,0.0512121212121212,-0.0512121212121212,2702,8.421,,250,500,0.1,4000,1.959963984540054,0.1|0.2|0.3|0.4|0.5|0.6|0.7|0.8|0.9|0.95|0.99,1,False,True
20260910T121336Z,map,1,extrapolation,200,d2_h50_tanh,2.0,0.5117844231944607,-14.93953459585807,0.215,0.3498982345429974,0.089261393909008,0.4872727272727273,-0.4872727272727273,2702,8.421,,250,500,0.1,4000,1.959963984540054,0.1|0.2|0.3|0.4|0.5|0.6|0.7|0.8|0.9|0.95|0.99,1,False,True
20260910T121336Z,map,1,overall,500,d2_h50_tanh,2.0,0.3341112971146671,-5.508024224570235,0.63,0.3498982345429974,0.089261393909008,0.2256363636363636,-0.2256363636363636,2702,8.421,,250,500,0.1,4000,1.959963984540054,0.1|0.2|0.3|0.4|0.5|0.6|0.7|0.8|0.9|0.95|0.99,1,False,True
20260910T121336Z,mcd,1,in_range,300,d2_h50_tanh,2.0,0.1273238004127086,0.5238508336838311,1.0,0.7494901578781702,0.157304168836095,0.1148484848484848,0.1148484848484848,2702,15.675,,250,500,0.1,4000,1.959963984540054,0.1|0.2|0.3|0.4|0.5|0.6|0.7|0.8|0.9|0.95|0.99,1,False,True
20260910T121336Z,mcd,1,extrapolation,200,d2_h50_tanh,2.0,0.6972178249797482,-4.006014173013073,0.185,0.8996829958510016,0.157304168836095,0.504090909090909,-0.504090909090909,2702,15.675,,250,500,0.1,4000,1.959963984540054,0.1|0.2|0.3|0.4|0.5|0.6|0.7|0.8|0.9|0.95|0.99,1,False,True
20260910T121336Z,mcd,1,overall,500,d2_h50_tanh,2.0,0.4518538350824494,-1.2880951689949307,0.674,0.8095672930673028,0.157304168836095,0.1327272727272727,-0.1327272727272727,2702,15.675,,250,500,0.1,4000,1.959963984540054,0.1|0.2|0.3|0.4|0.5|0.6|0.7|0.8|0.9|0.95|0.99,1,False,True
20260910T121336Z,ensemble,1,in_range,300,d2_h50_tanh,2.0,0.10786813657453,0.7750423932085968,0.9066666666666666,0.3558175300769189,0.0899742787730065,0.0472727272727272,-0.0472727272727272,13510,76.735,,250,500,0.1,4000,1.959963984540054,0.1|0.2|0.3|0.4|0.5|0.6|0.7|0.8|0.9|0.95|0.99,1,False,True
20260910T121336Z,ensemble,1,extrapolation,200,d2_h50_tanh,2.0,0.461721920810648,-9.509336286959304,0.22,0.3749051555001996,0.0899742787730065,0.4809090909090909,-0.4809090909090909,13510,76.735,,250,500,0.1,4000,1.959963984540054,0.1|0.2|0.3|0.4|0.5|0.6|0.7|0.8|0.9|0.95|0.99,1,False,True
20260910T121336Z,ensemble,1,overall,500,d2_h50_tanh,2.0,0.3037370142008816,-3.338709078858563,0.632,0.3634525802462313,0.0899742787730065,0.2207272727272727,-0.2207272727272727,13510,76.735,,250,500,0.1,4000,1.959963984540054,0.1|0.2|0.3|0.4|0.5|0.6|0.7|0.8|0.9|0.95|0.99,1,False,True
20260910T121336Z,bbb,1,in_range,300,d2_h50_tanh,2.0,0.1095953511370917,0.7705055951185129,0.93,0.3736499926410045,0.0939113007900602,0.0421212121212121,-0.0421212121212121,5403,34.199,,250,500,0.1,4000,1.959963984540054,0.1|0.2|0.3|0.4|0.5|0.6|0.7|0.8|0.9|0.95|0.99,1,False,True
20260910T121336Z,bbb,1,extrapolation,200,d2_h50_tanh,2.0,0.541682204091327,-14.473040322214242,0.19,0.3765436686886028,0.0939113007900601,0.4859090909090909,-0.4859090909090909,5403,34.199,,250,500,0.1,4000,1.959963984540054,0.1|0.2|0.3|0.4|0.5|0.6|0.7|0.8|0.9|0.95|0.99,1,False,True
20260910T121336Z,bbb,1,overall,500,d2_h50_tanh,2.0,0.3529511703992674,-5.32691277181459,0.634,0.3748074630600438,0.0939113007900601,0.2196363636363636,-0.2196363636363636,5403,34.199,,250,500,0.1,4000,1.959963984540054,0.1|0.2|0.3|0.4|0.5|0.6|0.7|0.8|0.9|0.95|0.99,1,False,True
20260910T121336Z,laplace,1,in_range,300,d2_h50_tanh,2.0,0.1069348752734624,0.7891644826999262,0.9166666666666666,0.3577899275159421,0.089261393909008,0.0463636363636363,-0.0463636363636363,2702,5.552,,250,500,0.1,4000,1.959963984540054,0.1|0.2|0.3|0.4|0.5|0.6|0.7|0.8|0.9|0.95|0.99,1,False,True
20260910T121336Z,laplace,1,extrapolation,200,d2_h50_tanh,2.0,0.5117844231944607,-1.278987067969781,0.62,1.2657745122011956,0.089261393909008,0.249090909090909,-0.249090909090909,2702,5.552,,250,500,0.1,4000,1.959963984540054,0.1|0.2|0.3|0.4|0.5|0.6|0.7|0.8|0.9|0.95|0.99,1,False,True
20260910T121336Z,laplace,1,overall,500,d2_h50_tanh,2.0,0.3341112971146671,-0.0380961375679567,0.798,0.7209837613900435,0.089261393909008,0.1274545454545454,-0.1274545454545454,2702,5.552,,250,500,0.1,4000,1.959963984540054,0.1|0.2|0.3|0.4|0.5|0.6|0.7|0.8|0.9|0.95|0.99,1,False,True
20260910T121336Z,gp,1,in_range,300,,,0.1061303872491654,0.7995805268302604,0.91,0.358466548245393,0.0903056232109187,0.0439393939393939,-0.0439393939393939,3,0.934,,250,500,0.1,4000,1.959963984540054,0.1|0.2|0.3|0.4|0.5|0.6|0.7|0.8|0.9|0.95|0.99,1,False,True
20260910T121336Z,gp,1,extrapolation,200,,,0.221699618480426,0.1556612424807158,0.975,1.0709607766446243,0.0903056232109187,0.0463636363636363,0.0454545454545454,3,0.934,,250,500,0.1,4000,1.959963984540054,0.1|0.2|0.3|0.4|0.5|0.6|0.7|0.8|0.9|0.95|0.99,1,False,True
20260910T121336Z,gp,1,overall,500,,,0.1625376380791269,0.5420128130904426,0.936,0.6434642396050856,0.0903056232109187,0.0099999999999999,-0.0081818181818181,3,0.934,,250,500,0.1,4000,1.959963984540054,0.1|0.2|0.3|0.4|0.5|0.6|0.7|0.8|0.9|0.95|0.99,1,False,True
20260910T121336Z,map,2,in_range,300,d2_h50_tanh,2.0,0.1046531767664675,0.8377273929074968,0.95,0.4017991211456064,0.1025016592944938,0.01,-0.0045454545454545,2702,15.177,,250,500,0.1,4000,1.959963984540054,0.1|0.2|0.3|0.4|0.5|0.6|0.7|0.8|0.9|0.95|0.99,1,False,True
20260910T121336Z,map,2,extrapolation,200,d2_h50_tanh,2.0,0.5410876103468367,-12.574022300479436,0.17,0.4017991211456063,0.1025016592944938,0.5054545454545455,-0.5054545454545455,2702,15.177,,250,500,0.1,4000,1.959963984540054,0.1|0.2|0.3|0.4|0.5|0.6|0.7|0.8|0.9|0.95|0.99,1,False,True
20260910T121336Z,map,2,overall,500,d2_h50_tanh,2.0,0.3516840816311256,-4.526972484447278,0.638,0.4017991211456062,0.1025016592944938,0.2049090909090909,-0.2049090909090909,2702,15.177,,250,500,0.1,4000,1.959963984540054,0.1|0.2|0.3|0.4|0.5|0.6|0.7|0.8|0.9|0.95|0.99,1,False,True
20260910T121336Z,mcd,2,in_range,300,d2_h50_tanh,2.0,0.1539453231001727,0.3791635924542884,1.0,0.8376108040843375,0.1823204104445507,0.0863636363636363,0.0863636363636363,2702,17.494,,250,500,0.1,4000,1.959963984540054,0.1|0.2|0.3|0.4|0.5|0.6|0.7|0.8|0.9|0.95|0.99,1,False,True
20260910T121336Z,mcd,2,extrapolation,200,d2_h50_tanh,2.0,0.7426449146425853,-4.375329328886621,0.2,0.9337527294424528,0.1823204104445507,0.5009090909090909,-0.5009090909090909,2702,17.494,,250,500,0.1,4000,1.959963984540054,0.1|0.2|0.3|0.4|0.5|0.6|0.7|0.8|0.9|0.95|0.99,1,False,True
20260910T121336Z,mcd,2,overall,500,d2_h50_tanh,2.0,0.4845906367238714,-1.5226335760820753,0.68,0.8760675742275834,0.1823204104445507,0.1485454545454545,-0.1485454545454545,2702,17.494,,250,500,0.1,4000,1.959963984540054,0.1|0.2|0.3|0.4|0.5|0.6|0.7|0.8|0.9|0.95|0.99,1,False,True
20260910T121336Z,ensemble,2,in_range,300,d2_h50_tanh,2.0,0.1035114838152247,0.8493861157237386,0.9533333333333334,0.4055068252345931,0.1026709161605137,0.0090909090909091,0.006060606060606,13510,75.576,,250,500,0.1,4000,1.959963984540054,0.1|0.2|0.3|0.4|0.5|0.6|0.7|0.8|0.9|0.95|0.99,1,False,True
20260910T121336Z,ensemble,2,extrapolation,200,d2_h50_tanh,2.0,0.5111435367754402,-8.645480527460233,0.215,0.4355745977588129,0.1026709161605137,0.48,-0.48,13510,75.576,,250,500,0.1,4000,1.959963984540054,0.1|0.2|0.3|0.4|0.5|0.6|0.7|0.8|0.9|0.95|0.99,1,False,True
20260910T121336Z,ensemble,2,overall,500,d2_h50_tanh,2.0,0.3330703565973713,-2.94856054154985,0.658,0.417533934244281,0.1026709161605137,0.1883636363636363,-0.1883636363636363,13510,75.576,,250,500,0.1,4000,1.959963984540054,0.1|0.2|0.3|0.4|0.5|0.6|0.7|0.8|0.9|0.95|0.99,1,False,True
20260910T121336Z,bbb,2,in_range,300,d2_h50_tanh,2.0,0.1060520801149952,0.8244106704325908,0.9533333333333334,0.4064615872770419,0.1025288732410549,0.0112121212121212,-0.0075757575757575,5403,34.405,,250,500,0.1,4000,1.959963984540054,0.1|0.2|0.3|0.4|0.5|0.6|0.7|0.8|0.9|0.95|0.99,1,False,True
20260910T121336Z,bbb,2,extrapolation,200,d2_h50_tanh,2.0,0.8558540732143518,-32.50735044585975,0.09,0.4072856396118733,0.1025288732410549,0.5413636363636365,-0.5413636363636365,5403,34.405,,250,500,0.1,4000,1.959963984540054,0.1|0.2|0.3|0.4|0.5|0.6|0.7|0.8|0.9|0.95|0.99,1,False,True
20260910T121336Z,bbb,2,overall,500,d2_h50_tanh,2.0,0.5474876291507135,-12.508293776084347,0.608,0.4067912082109744,0.1025288732410549,0.2210909090909091,-0.2210909090909091,5403,34.405,,250,500,0.1,4000,1.959963984540054,0.1|0.2|0.3|0.4|0.5|0.6|0.7|0.8|0.9|0.95|0.99,1,False,True
20260910T121336Z,laplace,2,in_range,300,d2_h50_tanh,2.0,0.1046531767664675,0.8380926011663309,0.9533333333333334,0.4098418465860303,0.1025016592944938,0.0093939393939394,0.0027272727272727,2702,5.588,,250,500,0.1,4000,1.959963984540054,0.1|0.2|0.3|0.4|0.5|0.6|0.7|0.8|0.9|0.95|0.99,1,False,True
20260910T121336Z,laplace,2,extrapolation,200,d2_h50_tanh,2.0,0.5410876103468367,-0.8809295012116789,0.85,1.227858766908205,0.1025016592944938,0.2927272727272727,-0.2918181818181818,2702,5.588,,250,500,0.1,4000,1.959963984540054,0.1|0.2|0.3|0.4|0.5|0.6|0.7|0.8|0.9|0.95|0.99,1,False,True
20260910T121336Z,laplace,2,overall,500,d2_h50_tanh,2.0,0.3516840816311256,0.1504837602151269,0.912,0.7370486147149002,0.1025016592944938,0.115090909090909,-0.115090909090909,2702,5.588,,250,500,0.1,4000,1.959963984540054,0.1|0.2|0.3|0.4|0.5|0.6|0.7|0.8|0.9|0.95|0.99,1,False,True
20260910T121336Z,gp,2,in_range,300,,,0.1034258088450004,0.8500269927635293,0.9533333333333334,0.4056669712468022,0.1021164465582265,0.0118181818181818,0.0057575757575757,3,0.637,,250,500,0.1,4000,1.959963984540054,0.1|0.2|0.3|0.4|0.5|0.6|0.7|0.8|0.9|0.95|0.99,1,False,True
20260910T121336Z,gp,2,extrapolation,200,,,0.1226203823787132,0.2668473673643365,1.0,1.2221978154817512,0.1021164465582265,0.2159090909090909,0.2159090909090909,3,0.637,,250,500,0.1,4000,1.959963984540054,0.1|0.2|0.3|0.4|0.5|0.6|0.7|0.8|0.9|0.95|0.99,1,False,True
20260910T121336Z,gp,2,overall,500,,,0.1115008611223531,0.6167551426038521,0.972,0.7322793089407817,0.1021164465582265,0.0898181818181818,0.0898181818181818,3,0.637,,250,500,0.1,4000,1.959963984540054,0.1|0.2|0.3|0.4|0.5|0.6|0.7|0.8|0.9|0.95|0.99,1,False,True
20260910T121336Z,map,3,in_range,300,d2_h50_tanh,2.0,0.1050521397471396,0.8305307922127007,0.95,0.3875715108005039,0.0988721001655179,0.023030303030303,-0.0139393939393939,2702,15.164,,250,500,0.1,4000,1.959963984540054,0.1|0.2|0.3|0.4|0.5|0.6|0.7|0.8|0.9|0.95|0.99,1,False,True
20260910T121336Z,map,3,extrapolation,200,d2_h50_tanh,2.0,0.6563029293521292,-20.63585618093218,0.115,0.3875715108005039,0.0988721001655179,0.5163636363636365,-0.5163636363636365,2702,15.164,,250,500,0.1,4000,1.959963984540054,0.1|0.2|0.3|0.4|0.5|0.6|0.7|0.8|0.9|0.95|0.99,1,False,True
20260910T121336Z,map,3,overall,500,d2_h50_tanh,2.0,0.4229834338005991,-7.756023997045252,0.616,0.3875715108005039,0.0988721001655179,0.2149090909090909,-0.2149090909090909,2702,15.164,,250,500,0.1,4000,1.959963984540054,0.1|0.2|0.3|0.4|0.5|0.6|0.7|0.8|0.9|0.95|0.99,1,False,True
20260910T121336Z,mcd,3,in_range,300,d2_h50_tanh,2.0,0.1197914788533185,0.6199401842459735,0.99,0.6564947253031694,0.1403382022005807,0.106060606060606,0.106060606060606,2702,17.458,,250,500,0.1,4000,1.959963984540054,0.1|0.2|0.3|0.4|0.5|0.6|0.7|0.8|0.9|0.95|0.99,1,False,True
20260910T121336Z,mcd,3,extrapolation,200,d2_h50_tanh,2.0,0.981834447056597,-14.038375276403922,0.075,0.7089833536267898,0.1403382022005807,0.5595454545454546,-0.5595454545454546,2702,17.458,,250,500,0.1,4000,1.959963984540054,0.1|0.2|0.3|0.4|0.5|0.6|0.7|0.8|0.9|0.95|0.99,1,False,True
20260910T121336Z,mcd,3,overall,500,d2_h50_tanh,2.0,0.6278610926106923,-5.2433860000139845,0.624,0.6774901766326176,0.1403382022005807,0.1601818181818181,-0.1601818181818181,2702,17.458,,250,500,0.1,4000,1.959963984540054,0.1|0.2|0.3|0.4|0.5|0.6|0.7|0.8|0.9|0.95|0.99,1,False,True
20260910T121336Z,ensemble,3,in_range,300,d2_h50_tanh,2.0,0.1029663155500358,0.8526166106692475,0.9533333333333334,0.3890087892572394,0.0985381260022336,0.0215151515151515,-0.0063636363636363,13510,75.831,,250,500,0.1,4000,1.959963984540054,0.1|0.2|0.3|0.4|0.5|0.6|0.7|0.8|0.9|0.95|0.99,1,False,True
20260910T121336Z,ensemble,3,extrapolation,200,d2_h50_tanh,2.0,0.6209642219465827,-7.228229444018276,0.14,0.5514558863210098,0.0985381260022336,0.5063636363636363,-0.5063636363636363,13510,75.831,,250,500,0.1,4000,1.959963984540054,0.1|0.2|0.3|0.4|0.5|0.6|0.7|0.8|0.9|0.95|0.99,1,False,True
20260910T121336Z,ensemble,3,overall,500,d2_h50_tanh,2.0,0.4007491275821566,-2.3797218112057617,0.628,0.4539876280827475,0.0985381260022336,0.2063636363636364,-0.2063636363636364,13510,75.831,,250,500,0.1,4000,1.959963984540054,0.1|0.2|0.3|0.4|0.5|0.6|0.7|0.8|0.9|0.95|0.99,1,False,True
20260910T121336Z,bbb,3,in_range,300,d2_h50_tanh,2.0,0.107606829807519,0.8046381429686968,0.9366666666666666,0.3922277625475105,0.0988691382818693,0.0257575757575757,-0.0239393939393939,5403,34.355,,250,500,0.1,4000,1.959963984540054,0.1|0.2|0.3|0.4|0.5|0.6|0.7|0.8|0.9|0.95|0.99,1,False,True
20260910T121336Z,bbb,3,extrapolation,200,d2_h50_tanh,2.0,0.8408528076622466,-33.67014347571735,0.07,0.3935394315243077,0.0988691382818693,0.5513636363636363,-0.5513636363636363,5403,34.355,,250,500,0.1,4000,1.959963984540054,0.1|0.2|0.3|0.4|0.5|0.6|0.7|0.8|0.9|0.95|0.99,1,False,True
20260910T121336Z,bbb,3,overall,500,d2_h50_tanh,2.0,0.5382944506068474,-12.98527450450572,0.59,0.3927524301382294,0.0988691382818693,0.2349090909090908,-0.2349090909090908,5403,34.355,,250,500,0.1,4000,1.959963984540054,0.1|0.2|0.3|0.4|0.5|0.6|0.7|0.8|0.9|0.95|0.99,1,False,True
20260910T121336Z,laplace,3,in_range,300,d2_h50_tanh,2.0,0.1050521397471396,0.8331940660637374,0.9566666666666668,0.3969583216937082,0.0988721001655179,0.0196969696969696,-0.0045454545454545,2702,5.519,,250,500,0.1,4000,1.959963984540054,0.1|0.2|0.3|0.4|0.5|0.6|0.7|0.8|0.9|0.95|0.99,1,False,True
20260910T121336Z,laplace,3,extrapolation,200,d2_h50_tanh,2.0,0.6563029293521292,-1.598871188686367,0.515,1.1693922430107409,0.0988721001655179,0.3854545454545455,-0.3854545454545455,2702,5.519,,250,500,0.1,4000,1.959963984540054,0.1|0.2|0.3|0.4|0.5|0.6|0.7|0.8|0.9|0.95|0.99,1,False,True
20260910T121336Z,laplace,3,overall,500,d2_h50_tanh,2.0,0.4229834338005991,-0.1396320358363042,0.78,0.7059318902205214,0.0988721001655179,0.1569090909090909,-0.1569090909090909,2702,5.519,,250,500,0.1,4000,1.959963984540054,0.1|0.2|0.3|0.4|0.5|0.6|0.7|0.8|0.9|0.95|0.99,1,False,True
20260910T121336Z,gp,3,in_range,300,,,0.1025592262230141,0.8572535102028962,0.9533333333333334,0.3930253993469148,0.0988769196816141,0.016060606060606,-0.0009090909090909,3,0.961,,250,500,0.1,4000,1.959963984540054,0.1|0.2|0.3|0.4|0.5|0.6|0.7|0.8|0.9|0.95|0.99,1,False,True
20260910T121336Z,gp,3,extrapolation,200,,,0.2425277928279546,0.0409159491083732,0.96,1.098934180034672,0.0988769196816141,0.0295454545454545,-0.0113636363636363,3,0.961,,250,500,0.1,4000,1.959963984540054,0.1|0.2|0.3|0.4|0.5|0.6|0.7|0.8|0.9|0.95|0.99,1,False,True
20260910T121336Z,gp,3,overall,500,,,0.1727394831753231,0.5307184857650871,0.956,0.6753889116220176,0.0988769196816142,0.009090909090909,-0.005090909090909,3,0.961,,250,500,0.1,4000,1.959963984540054,0.1|0.2|0.3|0.4|0.5|0.6|0.7|0.8|0.9|0.95|0.99,1,False,True
20260910T121336Z,map,4,in_range,300,d2_h50_tanh,2.0,0.1019577191393004,0.864230338131777,0.9466666666666668,0.3975539470174309,0.1014186868109021,0.0175757575757575,-0.0145454545454545,2702,15.15,,250,500,0.1,4000,1.959963984540054,0.1|0.2|0.3|0.4|0.5|0.6|0.7|0.8|0.9|0.95|0.99,1,False,True
20260910T121336Z,map,4,extrapolation,200,d2_h50_tanh,2.0,0.6381419698402806,-18.42603998005253,0.14,0.397553947017431,0.1014186868109021,0.5172727272727272,-0.5172727272727272,2702,15.15,,250,500,0.1,4000,1.959963984540054,0.1|0.2|0.3|0.4|0.5|0.6|0.7|0.8|0.9|0.95|0.99,1,False,True
20260910T121336Z,map,4,overall,500,d2_h50_tanh,2.0,0.4112508910189819,-6.851877789141944,0.624,0.397553947017431,0.1014186868109021,0.2156363636363636,-0.2156363636363636,2702,15.15,,250,500,0.1,4000,1.959963984540054,0.1|0.2|0.3|0.4|0.5|0.6|0.7|0.8|0.9|0.95|0.99,1,False,True
20260910T121336Z,mcd,4,in_range,300,d2_h50_tanh,2.0,0.1278665819864252,0.5213491614776975,0.9966666666666668,0.7560169532678498,0.1631138072510815,0.1312121212121212,0.1312121212121212,2702,17.387,,250,500,0.1,4000,1.959963984540054,0.1|0.2|0.3|0.4|0.5|0.6|0.7|0.8|0.9|0.95|0.99,1,False,True
20260910T121336Z,mcd,4,extrapolation,200,d2_h50_tanh,2.0,0.8633239396968704,-6.953358856091404,0.09,0.8678736350324558,0.1631138072510815,0.5477272727272727,-0.5477272727272727,2702,17.387,,250,500,0.1,4000,1.959963984540054,0.1|0.2|0.3|0.4|0.5|0.6|0.7|0.8|0.9|0.95|0.99,1,False,True
20260910T121336Z,mcd,4,overall,500,d2_h50_tanh,2.0,0.5549245062301943,-2.468534045549943,0.634,0.8007596259736922,0.1631138072510814,0.1403636363636363,-0.1403636363636363,2702,17.387,,250,500,0.1,4000,1.959963984540054,0.1|0.2|0.3|0.4|0.5|0.6|0.7|0.8|0.9|0.95|0.99,1,False,True
20260910T121336Z,ensemble,4,in_range,300,d2_h50_tanh,2.0,0.1009737943234221,0.873545579110602,0.96,0.4047264596083174,0.1020940543312067,0.0133333333333333,0.003030303030303,13510,75.702,,250,500,0.1,4000,1.959963984540054,0.1|0.2|0.3|0.4|0.5|0.6|0.7|0.8|0.9|0.95|0.99,1,False,True
20260910T121336Z,ensemble,4,extrapolation,200,d2_h50_tanh,2.0,0.5261851124903962,-4.341277843765491,0.225,0.5786953155337009,0.1020940543312067,0.4790909090909091,-0.4790909090909091,13510,75.702,,250,500,0.1,4000,1.959963984540054,0.1|0.2|0.3|0.4|0.5|0.6|0.7|0.8|0.9|0.95|0.99,1,False,True
20260910T121336Z,ensemble,4,overall,500,d2_h50_tanh,2.0,0.3418563050854169,-1.212383790039835,0.666,0.4743140019784708,0.1020940543312067,0.1898181818181818,-0.1898181818181818,13510,75.702,,250,500,0.1,4000,1.959963984540054,0.1|0.2|0.3|0.4|0.5|0.6|0.7|0.8|0.9|0.95|0.99,1,False,True
20260910T121336Z,bbb,4,in_range,300,d2_h50_tanh,2.0,0.1095456308216621,0.7927812382199562,0.9433333333333334,0.4292477026226669,0.1083670428740425,0.0145454545454545,-0.0084848484848484,5403,34.848,,250,500,0.1,4000,1.959963984540054,0.1|0.2|0.3|0.4|0.5|0.6|0.7|0.8|0.9|0.95|0.99,1,False,True
20260910T121336Z,bbb,4,extrapolation,200,d2_h50_tanh,2.0,0.7037474100545266,-19.286905411417035,0.15,0.4298784241221408,0.1083670428740425,0.5059090909090909,-0.5059090909090909,5403,34.848,,250,500,0.1,4000,1.959963984540054,0.1|0.2|0.3|0.4|0.5|0.6|0.7|0.8|0.9|0.95|0.99,1,False,True
20260910T121336Z,bbb,4,overall,500,d2_h50_tanh,2.0,0.4531051908802758,-7.239093421634836,0.626,0.4294999912224564,0.1083670428740425,0.2074545454545454,-0.2074545454545454,5403,34.848,,250,500,0.1,4000,1.959963984540054,0.1|0.2|0.3|0.4|0.5|0.6|0.7|0.8|0.9|0.95|0.99,1,False,True
20260910T121336Z,laplace,4,in_range,300,d2_h50_tanh,2.0,0.1019577191393004,0.8642609402025562,0.9466666666666668,0.4061192821145084,0.1014186868109021,0.016060606060606,-0.0081818181818181,2702,5.541,,250,500,0.1,4000,1.959963984540054,0.1|0.2|0.3|0.4|0.5|0.6|0.7|0.8|0.9|0.95|0.99,1,False,True
20260910T121336Z,laplace,4,extrapolation,200,d2_h50_tanh,2.0,0.6381419698402806,-1.8765427804658372,0.5,1.0538825216807757,0.1014186868109021,0.3981818181818182,-0.3981818181818182,2702,5.541,,250,500,0.1,4000,1.959963984540054,0.1|0.2|0.3|0.4|0.5|0.6|0.7|0.8|0.9|0.95|0.99,1,False,True
20260910T121336Z,laplace,4,overall,500,d2_h50_tanh,2.0,0.4112508910189819,-0.2320605480648012,0.768,0.6652245779410153,0.1014186868109021,0.1641818181818181,-0.1641818181818181,2702,5.541,,250,500,0.1,4000,1.959963984540054,0.1|0.2|0.3|0.4|0.5|0.6|0.7|0.8|0.9|0.95|0.99,1,False,True
20260910T121336Z,gp,4,in_range,300,,,0.1003881247550007,0.8793004208740539,0.9533333333333334,0.4031456333144443,0.1013634982924152,0.0121212121212121,0.0024242424242424,3,0.819,,250,500,0.1,4000,1.959963984540054,0.1|0.2|0.3|0.4|0.5|0.6|0.7|0.8|0.9|0.95|0.99,1,False,True
20260910T121336Z,gp,4,extrapolation,200,,,0.3035044189250396,-0.1133253514841004,0.965,1.166109020921387,0.1013634982924152,0.0868181818181818,-0.0822727272727272,3,0.819,,250,500,0.1,4000,1.959963984540054,0.1|0.2|0.3|0.4|0.5|0.6|0.7|0.8|0.9|0.95|0.99,1,False,True
20260910T121336Z,gp,4,overall,500,,,0.2071053796450148,0.4822501119307921,0.958,0.7083309883572214,0.1013634982924152,0.0354545454545454,-0.0314545454545454,3,0.819,,250,500,0.1,4000,1.959963984540054,0.1|0.2|0.3|0.4|0.5|0.6|0.7|0.8|0.9|0.95|0.99,1,False,True
20260910T121336Z,map,5,in_range,300,d2_h50_tanh,2.0,0.1067759686515447,0.8009900857849123,0.9066666666666666,0.3692674309133882,0.0942026062280028,0.0381818181818181,-0.0381818181818181,2702,15.111,,250,500,0.1,4000,1.959963984540054,0.1|0.2|0.3|0.4|0.5|0.6|0.7|0.8|0.9|0.95|0.99,1,False,True
20260910T121336Z,map,5,extrapolation,200,d2_h50_tanh,2.0,0.3274832323054104,-4.599209648820971,0.32,0.3692674309133882,0.0942026062280028,0.4231818181818182,-0.4231818181818182,2702,15.111,,250,500,0.1,4000,1.959963984540054,0.1|0.2|0.3|0.4|0.5|0.6|0.7|0.8|0.9|0.95|0.99,1,False,True
20260910T121336Z,map,5,overall,500,d2_h50_tanh,2.0,0.2230219080390202,-1.3590898080574407,0.672,0.3692674309133882,0.0942026062280028,0.1921818181818181,-0.1921818181818181,2702,15.111,,250,500,0.1,4000,1.959963984540054,0.1|0.2|0.3|0.4|0.5|0.6|0.7|0.8|0.9|0.95|0.99,1,False,True
20260910T121336Z,mcd,5,in_range,300,d2_h50_tanh,2.0,0.1143238167598403,0.6441857695146649,0.9966666666666668,0.6435849890627243,0.1392205526163129,0.1012121212121212,0.1012121212121212,2702,17.35,,250,500,0.1,4000,1.959963984540054,0.1|0.2|0.3|0.4|0.5|0.6|0.7|0.8|0.9|0.95|0.99,1,False,True
20260910T121336Z,mcd,5,extrapolation,200,d2_h50_tanh,2.0,0.8917834463038018,-12.227636479558958,0.11,0.6841908524473352,0.1392205526163128,0.5386363636363636,-0.5386363636363636,2702,17.35,,250,500,0.1,4000,1.959963984540054,0.1|0.2|0.3|0.4|0.5|0.6|0.7|0.8|0.9|0.95|0.99,1,False,True
20260910T121336Z,mcd,5,overall,500,d2_h50_tanh,2.0,0.5709229782446287,-4.504543130114785,0.642,0.6598273344165686,0.1392205526163128,0.1547272727272727,-0.1547272727272727,2702,17.35,,250,500,0.1,4000,1.959963984540054,0.1|0.2|0.3|0.4|0.5|0.6|0.7|0.8|0.9|0.95|0.99,1,False,True
20260910T121336Z,ensemble,5,in_range,300,d2_h50_tanh,2.0,0.1027371209799288,0.8513604936763208,0.92,0.3739727038759269,0.0944508420478934,0.0269696969696969,-0.0269696969696969,13510,76.043,,250,500,0.1,4000,1.959963984540054,0.1|0.2|0.3|0.4|0.5|0.6|0.7|0.8|0.9|0.95|0.99,1,False,True
20260910T121336Z,ensemble,5,extrapolation,200,d2_h50_tanh,2.0,0.3937701490178537,-4.681079261117807,0.245,0.4233812404029156,0.0944508420478934,0.4413636363636363,-0.4413636363636363,13510,76.043,,250,500,0.1,4000,1.959963984540054,0.1|0.2|0.3|0.4|0.5|0.6|0.7|0.8|0.9|0.95|0.99,1,False,True
20260910T121336Z,ensemble,5,overall,500,d2_h50_tanh,2.0,0.2614477418517203,-1.3616154082413303,0.65,0.3937361184867223,0.0944508420478934,0.1927272727272727,-0.1927272727272727,13510,76.043,,250,500,0.1,4000,1.959963984540054,0.1|0.2|0.3|0.4|0.5|0.6|0.7|0.8|0.9|0.95|0.99,1,False,True
20260910T121336Z,bbb,5,in_range,300,d2_h50_tanh,2.0,0.1080600663030004,0.8010859877644104,0.9233333333333332,0.3934323720331517,0.0991259066442542,0.02,-0.02,5403,34.316,,250,500,0.1,4000,1.959963984540054,0.1|0.2|0.3|0.4|0.5|0.6|0.7|0.8|0.9|0.95|0.99,1,False,True
20260910T121336Z,bbb,5,extrapolation,200,d2_h50_tanh,2.0,0.6265148384943655,-18.00904153287298,0.19,0.3944575372968513,0.0991259066442542,0.4854545454545454,-0.4854545454545454,5403,34.316,,250,500,0.1,4000,1.959963984540054,0.1|0.2|0.3|0.4|0.5|0.6|0.7|0.8|0.9|0.95|0.99,1,False,True
20260910T121336Z,bbb,5,overall,500,d2_h50_tanh,2.0,0.4049870663355729,-6.7229650204905465,0.63,0.3938424381386315,0.0991259066442542,0.2061818181818181,-0.2061818181818181,5403,34.316,,250,500,0.1,4000,1.959963984540054,0.1|0.2|0.3|0.4|0.5|0.6|0.7|0.8|0.9|0.95|0.99,1,False,True
20260910T121336Z,laplace,5,in_range,300,d2_h50_tanh,2.0,0.1067759686515447,0.8077258873335676,0.92,0.376147318824431,0.0942026062280028,0.0336363636363636,-0.0336363636363636,2702,5.533,,250,500,0.1,4000,1.959963984540054,0.1|0.2|0.3|0.4|0.5|0.6|0.7|0.8|0.9|0.95|0.99,1,False,True
20260910T121336Z,laplace,5,extrapolation,200,d2_h50_tanh,2.0,0.3274832323054104,-0.2226591119878931,0.98,1.3903746144807263,0.0942026062280028,0.0636363636363636,-0.0509090909090909,2702,5.533,,250,500,0.1,4000,1.959963984540054,0.1|0.2|0.3|0.4|0.5|0.6|0.7|0.8|0.9|0.95|0.99,1,False,True
20260910T121336Z,laplace,5,overall,500,d2_h50_tanh,2.0,0.2230219080390202,0.3955718876049834,0.944,0.7818382370869492,0.0942026062280028,0.0405454545454545,-0.0405454545454545,2702,5.533,,250,500,0.1,4000,1.959963984540054,0.1|0.2|0.3|0.4|0.5|0.6|0.7|0.8|0.9|0.95|0.99,1,False,True
20260910T121336Z,gp,5,in_range,300,,,0.1036669431196945,0.8402827185053966,0.91,0.3730245063100579,0.093885212978069,0.0284848484848484,-0.0284848484848484,3,0.991,,250,500,0.1,4000,1.959963984540054,0.1|0.2|0.3|0.4|0.5|0.6|0.7|0.8|0.9|0.95|0.99,1,False,True
20260910T121336Z,gp,5,extrapolation,200,,,0.2232160158110905,0.1209156260387804,0.98,1.1916095091848182,0.093885212978069,0.0672727272727272,0.0399999999999999,3,0.991,,250,500,0.1,4000,1.959963984540054,0.1|0.2|0.3|0.4|0.5|0.6|0.7|0.8|0.9|0.95|0.99,1,False,True
20260910T121336Z,gp,5,overall,500,,,0.162413844678648,0.5525358815187501,0.938,0.7004585074599622,0.093885212978069,0.0265454545454545,-0.001090909090909,3,0.991,,250,500,0.1,4000,1.959963984540054,0.1|0.2|0.3|0.4|0.5|0.6|0.7|0.8|0.9|0.95|0.99,1,False,True
20260910T121336Z,map,6,in_range,300,d2_h50_tanh,2.0,0.0995410409980866,0.8874928253283361,0.9566666666666668,0.401157437286705,0.1023379614245424,0.02,-0.0127272727272727,2702,15.123,,250,500,0.1,4000,1.959963984540054,0.1|0.2|0.3|0.4|0.5|0.6|0.7|0.8|0.9|0.95|0.99,1,False,True
20260910T121336Z,map,6,extrapolation,200,d2_h50_tanh,2.0,0.4144284980466415,-6.839121300377896,0.27,0.4011574372867049,0.1023379614245424,0.4586363636363636,-0.4586363636363636,2702,15.123,,250,500,0.1,4000,1.959963984540054,0.1|0.2|0.3|0.4|0.5|0.6|0.7|0.8|0.9|0.95|0.99,1,False,True
20260910T121336Z,map,6,overall,500,d2_h50_tanh,2.0,0.273213182886675,-2.203152824954157,0.682,0.401157437286705,0.1023379614245424,0.191090909090909,-0.191090909090909,2702,15.123,,250,500,0.1,4000,1.959963984540054,0.1|0.2|0.3|0.4|0.5|0.6|0.7|0.8|0.9|0.95|0.99,1,False,True
20260910T121336Z,mcd,6,in_range,300,d2_h50_tanh,2.0,0.125431826735477,0.5656399228035061,1.0,0.6969502414407177,0.1528592244329421,0.0915151515151515,0.0915151515151515,2702,17.515,,250,500,0.1,4000,1.959963984540054,0.1|0.2|0.3|0.4|0.5|0.6|0.7|0.8|0.9|0.95|0.99,1,False,True
20260910T121336Z,mcd,6,extrapolation,200,d2_h50_tanh,2.0,0.9475926516696064,-11.233821730234329,0.095,0.7572192355351581,0.1528592244329421,0.5522727272727272,-0.5522727272727272,2702,17.515,,250,500,0.1,4000,1.959963984540054,0.1|0.2|0.3|0.4|0.5|0.6|0.7|0.8|0.9|0.95|0.99,1,False,True
20260910T121336Z,mcd,6,overall,500,d2_h50_tanh,2.0,0.6071347620538736,-4.154144738411628,0.638,0.7210578390784939,0.1528592244329421,0.1659999999999999,-0.1659999999999999,2702,17.515,,250,500,0.1,4000,1.959963984540054,0.1|0.2|0.3|0.4|0.5|0.6|0.7|0.8|0.9|0.95|0.99,1,False,True
20260910T121336Z,ensemble,6,in_range,300,d2_h50_tanh,2.0,0.0988239080678423,0.8931174185370618,0.9666666666666668,0.4068336557028607,0.1024711779549141,0.02,-0.0036363636363636,13510,75.882,,250,500,0.1,4000,1.959963984540054,0.1|0.2|0.3|0.4|0.5|0.6|0.7|0.8|0.9|0.95|0.99,1,False,True
20260910T121336Z,ensemble,6,extrapolation,200,d2_h50_tanh,2.0,0.4097691888889661,-5.374527356191687,0.26,0.4280919118037532,0.1024711779549141,0.464090909090909,-0.464090909090909,13510,75.882,,250,500,0.1,4000,1.959963984540054,0.1|0.2|0.3|0.4|0.5|0.6|0.7|0.8|0.9|0.95|0.99,1,False,True
20260910T121336Z,ensemble,6,overall,500,d2_h50_tanh,2.0,0.2702295582436704,-1.6139404913544375,0.684,0.4153369581432177,0.1024711779549141,0.1878181818181818,-0.1878181818181818,13510,75.882,,250,500,0.1,4000,1.959963984540054,0.1|0.2|0.3|0.4|0.5|0.6|0.7|0.8|0.9|0.95|0.99,1,False,True
20260910T121336Z,bbb,6,in_range,300,d2_h50_tanh,2.0,0.1057291637730969,0.8271375782764673,0.95,0.4114752954612598,0.1035953212186135,0.0284848484848484,-0.023030303030303,5403,34.335,,250,500,0.1,4000,1.959963984540054,0.1|0.2|0.3|0.4|0.5|0.6|0.7|0.8|0.9|0.95|0.99,1,False,True
20260910T121336Z,bbb,6,extrapolation,200,d2_h50_tanh,2.0,0.7667625535983925,-24.771678009824114,0.1,0.415229047178591,0.1035953212186135,0.5372727272727272,-0.5372727272727272,5403,34.335,,250,500,0.1,4000,1.959963984540054,0.1|0.2|0.3|0.4|0.5|0.6|0.7|0.8|0.9|0.95|0.99,1,False,True
20260910T121336Z,bbb,6,overall,500,d2_h50_tanh,2.0,0.49181004369938,-9.412388656963763,0.61,0.4129767961481923,0.1035953212186135,0.2287272727272727,-0.2287272727272727,5403,34.335,,250,500,0.1,4000,1.959963984540054,0.1|0.2|0.3|0.4|0.5|0.6|0.7|0.8|0.9|0.95|0.99,1,False,True
20260910T121336Z,laplace,6,in_range,300,d2_h50_tanh,2.0,0.0995410409980866,0.8850249797702535,0.9666666666666668,0.4103029194328941,0.1023379614245424,0.0181818181818181,-0.0054545454545454,2702,5.542,,250,500,0.1,4000,1.959963984540054,0.1|0.2|0.3|0.4|0.5|0.6|0.7|0.8|0.9|0.95|0.99,1,False,True
20260910T121336Z,laplace,6,extrapolation,200,d2_h50_tanh,2.0,0.4144284980466415,-0.3251433465510803,0.995,1.5337856770826557,0.1023379614245424,0.1404545454545454,-0.0977272727272727,2702,5.542,,250,500,0.1,4000,1.959963984540054,0.1|0.2|0.3|0.4|0.5|0.6|0.7|0.8|0.9|0.95|0.99,1,False,True
20260910T121336Z,laplace,6,overall,500,d2_h50_tanh,2.0,0.273213182886675,0.40095764924172,0.978,0.8596960224927986,0.1023379614245424,0.0659999999999999,-0.0423636363636363,2702,5.542,,250,500,0.1,4000,1.959963984540054,0.1|0.2|0.3|0.4|0.5|0.6|0.7|0.8|0.9|0.95|0.99,1,False,True
20260910T121336Z,gp,6,in_range,300,,,0.0980780246977388,0.8990495313935071,0.9566666666666668,0.4070542807923447,0.1024422571832349,0.0133333333333333,6.308085367188389e-18,3,0.612,,250,500,0.1,4000,1.959963984540054,0.1|0.2|0.3|0.4|0.5|0.6|0.7|0.8|0.9|0.95|0.99,1,False,True
20260910T121336Z,gp,6,extrapolation,200,,,0.1566912769974175,0.2625817995324822,0.995,1.1691760850710606,0.102442257183235,0.1554545454545454,0.1554545454545454,3,0.612,,250,500,0.1,4000,1.959963984540054,0.1|0.2|0.3|0.4|0.5|0.6|0.7|0.8|0.9|0.95|0.99,1,False,True
20260910T121336Z,gp,6,overall,500,,,0.1248696995751921,0.644462438649097,0.972,0.7119030025038311,0.102442257183235,0.0621818181818181,0.0621818181818181,3,0.612,,250,500,0.1,4000,1.959963984540054,0.1|0.2|0.3|0.4|0.5|0.6|0.7|0.8|0.9|0.95|0.99,1,False,True
20260910T121336Z,map,7,in_range,300,d2_h50_tanh,2.0,0.0988015611179282,0.8956765277281297,0.9433333333333334,0.3852981747695838,0.0982921568479744,0.0166666666666666,0.01,2702,15.008,,250,500,0.1,4000,1.959963984540054,0.1|0.2|0.3|0.4|0.5|0.6|0.7|0.8|0.9|0.95|0.99,1,False,True
20260910T121336Z,map,7,extrapolation,200,d2_h50_tanh,2.0,0.6268076764360653,-18.932100656183646,0.145,0.3852981747695837,0.0982921568479744,0.5036363636363637,-0.5036363636363637,2702,15.008,,250,500,0.1,4000,1.959963984540054,0.1|0.2|0.3|0.4|0.5|0.6|0.7|0.8|0.9|0.95|0.99,1,False,True
20260910T121336Z,map,7,overall,500,d2_h50_tanh,2.0,0.4037476865361279,-7.035434345836581,0.624,0.3852981747695837,0.0982921568479743,0.1954545454545454,-0.1954545454545454,2702,15.008,,250,500,0.1,4000,1.959963984540054,0.1|0.2|0.3|0.4|0.5|0.6|0.7|0.8|0.9|0.95|0.99,1,False,True
20260910T121336Z,mcd,7,in_range,300,d2_h50_tanh,2.0,0.113243794645391,0.6343868747019281,1.0,0.6616746892884097,0.1414576246411924,0.1151515151515151,0.1151515151515151,2702,17.475,,250,500,0.1,4000,1.959963984540054,0.1|0.2|0.3|0.4|0.5|0.6|0.7|0.8|0.9|0.95|0.99,1,False,True
20260910T121336Z,mcd,7,extrapolation,200,d2_h50_tanh,2.0,0.9055005767723856,-11.343328284926796,0.11,0.7179013019756988,0.1414576246411924,0.5340909090909091,-0.5340909090909091,2702,17.475,,250,500,0.1,4000,1.959963984540054,0.1|0.2|0.3|0.4|0.5|0.6|0.7|0.8|0.9|0.95|0.99,1,False,True
20260910T121336Z,mcd,7,overall,500,d2_h50_tanh,2.0,0.5793677692359678,-4.156699189149561,0.644,0.6841653343633252,0.1414576246411924,0.1445454545454545,-0.1445454545454545,2702,17.475,,250,500,0.1,4000,1.959963984540054,0.1|0.2|0.3|0.4|0.5|0.6|0.7|0.8|0.9|0.95|0.99,1,False,True
20260910T121336Z,ensemble,7,in_range,300,d2_h50_tanh,2.0,0.0996920206185622,0.8866744487264543,0.93,0.3858523802541965,0.0969796243782399,0.0166666666666666,0.0033333333333333,13510,75.757,,250,500,0.1,4000,1.959963984540054,0.1|0.2|0.3|0.4|0.5|0.6|0.7|0.8|0.9|0.95|0.99,1,False,True
20260910T121336Z,ensemble,7,extrapolation,200,d2_h50_tanh,2.0,0.5434637100135332,-10.93816363176282,0.175,0.4177452364478193,0.0969796243782399,0.4863636363636363,-0.4863636363636363,13510,75.757,,250,500,0.1,4000,1.959963984540054,0.1|0.2|0.3|0.4|0.5|0.6|0.7|0.8|0.9|0.95|0.99,1,False,True
20260910T121336Z,ensemble,7,overall,500,d2_h50_tanh,2.0,0.3522842900636879,-3.843260783469256,0.628,0.3986095227316456,0.0969796243782399,0.1925454545454545,-0.1925454545454545,13510,75.757,,250,500,0.1,4000,1.959963984540054,0.1|0.2|0.3|0.4|0.5|0.6|0.7|0.8|0.9|0.95|0.99,1,False,True
20260910T121336Z,bbb,7,in_range,300,d2_h50_tanh,2.0,0.1067007451831938,0.8071369498143057,0.9233333333333332,0.3768183181738812,0.09483432194794,0.0378787878787878,-0.0378787878787878,5403,34.669,,250,500,0.1,4000,1.959963984540054,0.1|0.2|0.3|0.4|0.5|0.6|0.7|0.8|0.9|0.95|0.99,1,False,True
20260910T121336Z,bbb,7,extrapolation,200,d2_h50_tanh,2.0,0.7798468532869312,-31.16435406261895,0.115,0.3781888543591847,0.09483432194794,0.5218181818181817,-0.5218181818181817,5403,34.669,,250,500,0.1,4000,1.959963984540054,0.1|0.2|0.3|0.4|0.5|0.6|0.7|0.8|0.9|0.95|0.99,1,False,True
20260910T121336Z,bbb,7,overall,500,d2_h50_tanh,2.0,0.5000954661324183,-11.981459455158994,0.6,0.3773665326480026,0.09483432194794,0.2314545454545454,-0.2314545454545454,5403,34.669,,250,500,0.1,4000,1.959963984540054,0.1|0.2|0.3|0.4|0.5|0.6|0.7|0.8|0.9|0.95|0.99,1,False,True
20260910T121336Z,laplace,7,in_range,300,d2_h50_tanh,2.0,0.0988015611179282,0.8945242692482409,0.9433333333333334,0.3930470271806525,0.0982921568479744,0.0187878787878787,0.0151515151515151,2702,5.608,,250,500,0.1,4000,1.959963984540054,0.1|0.2|0.3|0.4|0.5|0.6|0.7|0.8|0.9|0.95|0.99,1,False,True
20260910T121336Z,laplace,7,extrapolation,200,d2_h50_tanh,2.0,0.6268076764360653,-1.877423804587156,0.36,0.9964074117874714,0.0982921568479744,0.4081818181818182,-0.4081818181818182,2702,5.608,,250,500,0.1,4000,1.959963984540054,0.1|0.2|0.3|0.4|0.5|0.6|0.7|0.8|0.9|0.95|0.99,1,False,True
20260910T121336Z,laplace,7,overall,500,d2_h50_tanh,2.0,0.4037476865361279,-0.2142549602859179,0.71,0.6343911810233801,0.0982921568479743,0.1541818181818182,-0.1541818181818182,2702,5.608,,250,500,0.1,4000,1.959963984540054,0.1|0.2|0.3|0.4|0.5|0.6|0.7|0.8|0.9|0.95|0.99,1,False,True
20260910T121336Z,gp,7,in_range,300,,,0.0992468679156198,0.8901730146392233,0.94,0.3859952837549072,0.0971467336167168,0.0178787878787879,0.0081818181818181,3,0.875,,250,500,0.1,4000,1.959963984540054,0.1|0.2|0.3|0.4|0.5|0.6|0.7|0.8|0.9|0.95|0.99,1,False,True
20260910T121336Z,gp,7,extrapolation,200,,,0.1404066155467444,0.2632154415244594,0.995,1.1893685647551493,0.0971467336167168,0.1659090909090909,0.1659090909090909,3,0.875,,250,500,0.1,4000,1.959963984540054,0.1|0.2|0.3|0.4|0.5|0.6|0.7|0.8|0.9|0.95|0.99,1,False,True
20260910T121336Z,gp,7,overall,500,,,0.1174545509988983,0.6393899853933177,0.962,0.707344596155004,0.0971467336167168,0.0712727272727272,0.0712727272727272,3,0.875,,250,500,0.1,4000,1.959963984540054,0.1|0.2|0.3|0.4|0.5|0.6|0.7|0.8|0.9|0.95|0.99,1,False,True
20260910T121336Z,map,8,in_range,300,d2_h50_tanh,2.0,0.1058269388800367,0.8146499422428635,0.9333333333333332,0.3726603956877045,0.0950681743713665,0.0318181818181818,-0.0318181818181818,2702,14.989,,250,500,0.1,4000,1.959963984540054,0.1|0.2|0.3|0.4|0.5|0.6|0.7|0.8|0.9|0.95|0.99,1,False,True
20260910T121336Z,map,8,extrapolation,200,d2_h50_tanh,2.0,0.5595358275409091,-15.886080948192944,0.13,0.3726603956877045,0.0950681743713665,0.515,-0.515,2702,14.989,,250,500,0.1,4000,1.959963984540054,0.1|0.2|0.3|0.4|0.5|0.6|0.7|0.8|0.9|0.95|0.99,1,False,True
20260910T121336Z,map,8,overall,500,d2_h50_tanh,2.0,0.3632516228682088,-5.865642413931458,0.612,0.3726603956877045,0.0950681743713665,0.2250909090909091,-0.2250909090909091,2702,14.989,,250,500,0.1,4000,1.959963984540054,0.1|0.2|0.3|0.4|0.5|0.6|0.7|0.8|0.9|0.95|0.99,1,False,True
20260910T121336Z,mcd,8,in_range,300,d2_h50_tanh,2.0,0.1365625530469204,0.5325077785700557,0.99,0.6713800209967039,0.146718304460704,0.0718181818181818,0.0718181818181818,2702,17.305,,250,500,0.1,4000,1.959963984540054,0.1|0.2|0.3|0.4|0.5|0.6|0.7|0.8|0.9|0.95|0.99,1,False,True
20260910T121336Z,mcd,8,extrapolation,200,d2_h50_tanh,2.0,0.94940702067488,-13.019649710697054,0.06,0.7089927900941749,0.146718304460704,0.5599999999999999,-0.5599999999999999,2702,17.305,,250,500,0.1,4000,1.959963984540054,0.1|0.2|0.3|0.4|0.5|0.6|0.7|0.8|0.9|0.95|0.99,1,False,True
20260910T121336Z,mcd,8,overall,500,d2_h50_tanh,2.0,0.6097040879799942,-4.888355217136788,0.618,0.6864251286356923,0.146718304460704,0.1809090909090908,-0.1809090909090908,2702,17.305,,250,500,0.1,4000,1.959963984540054,0.1|0.2|0.3|0.4|0.5|0.6|0.7|0.8|0.9|0.95|0.99,1,False,True
20260910T121336Z,ensemble,8,in_range,300,d2_h50_tanh,2.0,0.1054635197872178,0.8217592199566702,0.94,0.3790095967520959,0.0956473844018953,0.0236363636363636,-0.023030303030303,13510,75.953,,250,500,0.1,4000,1.959963984540054,0.1|0.2|0.3|0.4|0.5|0.6|0.7|0.8|0.9|0.95|0.99,1,False,True
20260910T121336Z,ensemble,8,extrapolation,200,d2_h50_tanh,2.0,0.5664692127932734,-10.521266376272637,0.15,0.4257839049506537,0.0956473844018953,0.5059090909090909,-0.5059090909090909,13510,75.953,,250,500,0.1,4000,1.959963984540054,0.1|0.2|0.3|0.4|0.5|0.6|0.7|0.8|0.9|0.95|0.99,1,False,True
20260910T121336Z,ensemble,8,overall,500,d2_h50_tanh,2.0,0.3674622157727208,-3.715451018535052,0.624,0.397719320031519,0.0956473844018953,0.2161818181818182,-0.2161818181818182,13510,75.953,,250,500,0.1,4000,1.959963984540054,0.1|0.2|0.3|0.4|0.5|0.6|0.7|0.8|0.9|0.95|0.99,1,False,True
20260910T121336Z,bbb,8,in_range,300,d2_h50_tanh,2.0,0.1082116567405079,0.7931765565936212,0.9233333333333332,0.3830622472544373,0.0965280627849507,0.0396969696969696,-0.0396969696969696,5403,34.469,,250,500,0.1,4000,1.959963984540054,0.1|0.2|0.3|0.4|0.5|0.6|0.7|0.8|0.9|0.95|0.99,1,False,True
20260910T121336Z,bbb,8,extrapolation,200,d2_h50_tanh,2.0,0.6528668091034721,-20.55915909746381,0.115,0.385928661939621,0.0965280627849507,0.5322727272727273,-0.5322727272727273,5403,34.469,,250,500,0.1,4000,1.959963984540054,0.1|0.2|0.3|0.4|0.5|0.6|0.7|0.8|0.9|0.95|0.99,1,False,True
20260910T121336Z,bbb,8,overall,500,d2_h50_tanh,2.0,0.4213310880581862,-7.747757705029351,0.6,0.3842088131285108,0.0965280627849507,0.2367272727272727,-0.2367272727272727,5403,34.469,,250,500,0.1,4000,1.959963984540054,0.1|0.2|0.3|0.4|0.5|0.6|0.7|0.8|0.9|0.95|0.99,1,False,True
20260910T121336Z,laplace,8,in_range,300,d2_h50_tanh,2.0,0.1058269388800367,0.8186431005306785,0.9366666666666666,0.3829458187227475,0.0950681743713665,0.0227272727272727,-0.0227272727272727,2702,5.641,,250,500,0.1,4000,1.959963984540054,0.1|0.2|0.3|0.4|0.5|0.6|0.7|0.8|0.9|0.95|0.99,1,False,True
20260910T121336Z,laplace,8,extrapolation,200,d2_h50_tanh,2.0,0.5595358275409091,-1.1070075577098764,0.66,1.133432499711426,0.0950681743713665,0.3259090909090909,-0.3259090909090909,2702,5.641,,250,500,0.1,4000,1.959963984540054,0.1|0.2|0.3|0.4|0.5|0.6|0.7|0.8|0.9|0.95|0.99,1,False,True
20260910T121336Z,laplace,8,overall,500,d2_h50_tanh,2.0,0.3632516228682088,0.0483828372344565,0.826,0.683140491118219,0.0950681743713665,0.144,-0.144,2702,5.641,,250,500,0.1,4000,1.959963984540054,0.1|0.2|0.3|0.4|0.5|0.6|0.7|0.8|0.9|0.95|0.99,1,False,True
20260910T121336Z,gp,8,in_range,300,,,0.1055466502994245,0.8212868156800742,0.93,0.3812485517057045,0.0960456184128111,0.0175757575757575,-0.0151515151515151,3,0.98,,250,500,0.1,4000,1.959963984540054,0.1|0.2|0.3|0.4|0.5|0.6|0.7|0.8|0.9|0.95|0.99,1,False,True
20260910T121336Z,gp,8,extrapolation,200,,,0.1968508250470994,0.2812062947883627,0.995,1.0873866094734983,0.0960456184128111,0.1104545454545454,0.1104545454545454,3,0.98,,250,500,0.1,4000,1.959963984540054,0.1|0.2|0.3|0.4|0.5|0.6|0.7|0.8|0.9|0.95|0.99,1,False,True
20260910T121336Z,gp,8,overall,500,,,0.1489434663298357,0.6052546073233895,0.956,0.6637037748128221,0.0960456184128111,0.0361818181818181,0.035090909090909,3,0.98,,250,500,0.1,4000,1.959963984540054,0.1|0.2|0.3|0.4|0.5|0.6|0.7|0.8|0.9|0.95|0.99,1,False,True
20260910T121336Z,map,9,in_range,300,d2_h50_tanh,2.0,0.0958904891389483,0.9189216598889736,0.96,0.4088521299355587,0.1043009292927145,0.0315151515151515,0.0309090909090909,2702,16.613,,250,500,0.1,4000,1.959963984540054,0.1|0.2|0.3|0.4|0.5|0.6|0.7|0.8|0.9|0.95|0.99,1,False,True
20260910T121336Z,map,9,extrapolation,200,d2_h50_tanh,2.0,0.473525699414097,-8.964240910008462,0.285,0.4088521299355587,0.1043009292927145,0.4440909090909091,-0.4440909090909091,2702,16.613,,250,500,0.1,4000,1.959963984540054,0.1|0.2|0.3|0.4|0.5|0.6|0.7|0.8|0.9|0.95|0.99,1,False,True
20260910T121336Z,map,9,overall,500,d2_h50_tanh,2.0,0.3085573313772142,-3.034343368070001,0.69,0.4088521299355586,0.1043009292927145,0.1590909090909091,-0.1590909090909091,2702,16.613,,250,500,0.1,4000,1.959963984540054,0.1|0.2|0.3|0.4|0.5|0.6|0.7|0.8|0.9|0.95|0.99,1,False,True
20260910T121336Z,mcd,9,in_range,300,d2_h50_tanh,2.0,0.126905247462899,0.4976648521571788,1.0,0.7956421680668186,0.171202727838401,0.1412121212121212,0.1412121212121212,2702,19.144,,250,500,0.1,4000,1.959963984540054,0.1|0.2|0.3|0.4|0.5|0.6|0.7|0.8|0.9|0.95|0.99,1,False,True
20260910T121336Z,mcd,9,extrapolation,200,d2_h50_tanh,2.0,0.7738962416424588,-5.11894925406407,0.145,0.9013045375425368,0.171202727838401,0.5290909090909092,-0.5290909090909092,2702,19.144,,250,500,0.1,4000,1.959963984540054,0.1|0.2|0.3|0.4|0.5|0.6|0.7|0.8|0.9|0.95|0.99,1,False,True
20260910T121336Z,mcd,9,overall,500,d2_h50_tanh,2.0,0.4992285270610054,-1.7489807903313208,0.658,0.837907115857106,0.171202727838401,0.1269090909090909,-0.1269090909090909,2702,19.144,,250,500,0.1,4000,1.959963984540054,0.1|0.2|0.3|0.4|0.5|0.6|0.7|0.8|0.9|0.95|0.99,1,False,True
20260910T121336Z,ensemble,9,in_range,300,d2_h50_tanh,2.0,0.0919321040566991,0.9432175583786638,0.97,0.4236726330160197,0.1057601812503842,0.0439393939393939,0.0439393939393939,13510,81.715,,250,500,0.1,4000,1.959963984540054,0.1|0.2|0.3|0.4|0.5|0.6|0.7|0.8|0.9|0.95|0.99,1,False,True
20260910T121336Z,ensemble,9,extrapolation,200,d2_h50_tanh,2.0,0.3884777622246974,-2.116143135284132,0.36,0.5598055849661298,0.1057601812503842,0.4018181818181819,-0.4018181818181819,13510,81.715,,250,500,0.1,4000,1.959963984540054,0.1|0.2|0.3|0.4|0.5|0.6|0.7|0.8|0.9|0.95|0.99,1,False,True
20260910T121336Z,ensemble,9,overall,500,d2_h50_tanh,2.0,0.255806363781315,-0.2805267190864545,0.726,0.4781258137960638,0.1057601812503843,0.1343636363636363,-0.1343636363636363,13510,81.715,,250,500,0.1,4000,1.959963984540054,0.1|0.2|0.3|0.4|0.5|0.6|0.7|0.8|0.9|0.95|0.99,1,False,True
20260910T121336Z,bbb,9,in_range,300,d2_h50_tanh,2.0,0.0962060837118633,0.9129853469633488,0.9566666666666668,0.416944701688701,0.1049195840168879,0.0412121212121212,0.0412121212121212,5403,37.309,,250,500,0.1,4000,1.959963984540054,0.1|0.2|0.3|0.4|0.5|0.6|0.7|0.8|0.9|0.95|0.99,1,False,True
20260910T121336Z,bbb,9,extrapolation,200,d2_h50_tanh,2.0,0.7534732832655902,-23.620246050335773,0.12,0.4179053997542052,0.1049195840168879,0.52,-0.52,5403,37.309,,250,500,0.1,4000,1.959963984540054,0.1|0.2|0.3|0.4|0.5|0.6|0.7|0.8|0.9|0.95|0.99,1,False,True
20260910T121336Z,bbb,9,overall,500,d2_h50_tanh,2.0,0.4823299304044025,-8.900307211956301,0.622,0.4173289809149027,0.1049195840168879,0.1832727272727272,-0.1832727272727272,5403,37.309,,250,500,0.1,4000,1.959963984540054,0.1|0.2|0.3|0.4|0.5|0.6|0.7|0.8|0.9|0.95|0.99,1,False,True
20260910T121336Z,laplace,9,in_range,300,d2_h50_tanh,2.0,0.0958904891389483,0.9152439400954264,0.9633333333333334,0.4168513156037953,0.1043009292927145,0.0393939393939394,0.0387878787878787,2702,5.886,,250,500,0.1,4000,1.959963984540054,0.1|0.2|0.3|0.4|0.5|0.6|0.7|0.8|0.9|0.95|0.99,1,False,True
20260910T121336Z,laplace,9,extrapolation,200,d2_h50_tanh,2.0,0.473525699414097,-1.051872878733452,0.665,1.3025461918679786,0.1043009292927145,0.2,-0.2,2702,5.886,,250,500,0.1,4000,1.959963984540054,0.1|0.2|0.3|0.4|0.5|0.6|0.7|0.8|0.9|0.95|0.99,1,False,True
20260910T121336Z,laplace,9,overall,500,d2_h50_tanh,2.0,0.3085573313772142,0.1283972125638749,0.844,0.7711292661094685,0.1043009292927145,0.0567272727272727,-0.0567272727272727,2702,5.886,,250,500,0.1,4000,1.959963984540054,0.1|0.2|0.3|0.4|0.5|0.6|0.7|0.8|0.9|0.95|0.99,1,False,True
20260910T121336Z,gp,9,in_range,300,,,0.0911088129211636,0.9559390341018618,0.9733333333333334,0.4153765421288328,0.1044944648616238,0.0436363636363636,0.0436363636363636,3,1.247,,250,500,0.1,4000,1.959963984540054,0.1|0.2|0.3|0.4|0.5|0.6|0.7|0.8|0.9|0.95|0.99,1,False,True
20260910T121336Z,gp,9,extrapolation,200,,,0.2953595941374066,-0.0442633317251741,0.98,1.259898953388039,0.1044944648616238,0.0372727272727272,-0.0090909090909091,3,1.247,,250,500,0.1,4000,1.959963984540054,0.1|0.2|0.3|0.4|0.5|0.6|0.7|0.8|0.9|0.95|0.99,1,False,True
20260910T121336Z,gp,9,overall,500,,,0.19968827059882,0.5558580877710474,0.976,0.7531855066325154,0.1044944648616238,0.0261818181818181,0.0225454545454545,3,1.247,,250,500,0.1,4000,1.959963984540054,0.1|0.2|0.3|0.4|0.5|0.6|0.7|0.8|0.9|0.95|0.99,1,False,True
20260910T121336Z,map,10,in_range,300,d2_h50_tanh,2.0,0.1028396312521422,0.855145948809364,0.9566666666666668,0.3942750736797908,0.1005822241606943,0.0148484848484848,-0.0124242424242424,2702,17.084,,250,500,0.1,4000,1.959963984540054,0.1|0.2|0.3|0.4|0.5|0.6|0.7|0.8|0.9|0.95|0.99,1,False,True
20260910T121336Z,map,10,extrapolation,200,d2_h50_tanh,2.0,0.5101109474315272,-11.482628261170372,0.185,0.3942750736797907,0.1005822241606943,0.4940909090909091,-0.4940909090909091,2702,17.084,,250,500,0.1,4000,1.959963984540054,0.1|0.2|0.3|0.4|0.5|0.6|0.7|0.8|0.9|0.95|0.99,1,False,True
20260910T121336Z,map,10,overall,500,d2_h50_tanh,2.0,0.3323113981335008,-4.079963735182531,0.648,0.3942750736797908,0.1005822241606943,0.2050909090909091,-0.2050909090909091,2702,17.084,,250,500,0.1,4000,1.959963984540054,0.1|0.2|0.3|0.4|0.5|0.6|0.7|0.8|0.9|0.95|0.99,1,False,True
20260910T121336Z,mcd,10,in_range,300,d2_h50_tanh,2.0,0.115524201796079,0.6053710254431999,0.9966666666666668,0.6899747694855988,0.1488591829156964,0.1257575757575757,0.1257575757575757,2702,21.164,,250,500,0.1,4000,1.959963984540054,0.1|0.2|0.3|0.4|0.5|0.6|0.7|0.8|0.9|0.95|0.99,1,False,True
20260910T121336Z,mcd,10,extrapolation,200,d2_h50_tanh,2.0,0.945601179871164,-11.748522849950485,0.085,0.7434690587684574,0.1488591829156964,0.5431818181818181,-0.5431818181818181,2702,21.164,,250,500,0.1,4000,1.959963984540054,0.1|0.2|0.3|0.4|0.5|0.6|0.7|0.8|0.9|0.95|0.99,1,False,True
20260910T121336Z,mcd,10,overall,500,d2_h50_tanh,2.0,0.6047083108986246,-4.336186524714273,0.632,0.7113724851987421,0.1488591829156964,0.1418181818181818,-0.1418181818181818,2702,21.164,,250,500,0.1,4000,1.959963984540054,0.1|0.2|0.3|0.4|0.5|0.6|0.7|0.8|0.9|0.95|0.99,1,False,True
20260910T121336Z,ensemble,10,in_range,300,d2_h50_tanh,2.0,0.1015018577493664,0.8683446218984066,0.9533333333333334,0.3982182426925801,0.1010241417887723,0.016060606060606,-0.0057575757575757,13510,83.768,,250,500,0.1,4000,1.959963984540054,0.1|0.2|0.3|0.4|0.5|0.6|0.7|0.8|0.9|0.95|0.99,1,False,True
20260910T121336Z,ensemble,10,extrapolation,200,d2_h50_tanh,2.0,0.5224319272899846,-10.580552477674273,0.19,0.4147207726136742,0.1010241417887723,0.4886363636363636,-0.4886363636363636,13510,83.768,,250,500,0.1,4000,1.959963984540054,0.1|0.2|0.3|0.4|0.5|0.6|0.7|0.8|0.9|0.95|0.99,1,False,True
20260910T121336Z,ensemble,10,overall,500,d2_h50_tanh,2.0,0.3396404330121999,-3.711214217930665,0.648,0.4048192546610177,0.1010241417887723,0.1989090909090909,-0.1989090909090909,13510,83.768,,250,500,0.1,4000,1.959963984540054,0.1|0.2|0.3|0.4|0.5|0.6|0.7|0.8|0.9|0.95|0.99,1,False,True
20260910T121336Z,bbb,10,in_range,300,d2_h50_tanh,2.0,0.1041459726171995,0.841726673923348,0.9433333333333334,0.3962860001225346,0.0995961082005692,0.0212121212121212,-0.0193939393939393,5403,38.765,,250,500,0.1,4000,1.959963984540054,0.1|0.2|0.3|0.4|0.5|0.6|0.7|0.8|0.9|0.95|0.99,1,False,True
20260910T121336Z,bbb,10,extrapolation,200,d2_h50_tanh,2.0,0.7406665666979784,-25.145523755203318,0.145,0.3983164545158195,0.0995961082005692,0.4972727272727272,-0.4972727272727272,5403,38.765,,250,500,0.1,4000,1.959963984540054,0.1|0.2|0.3|0.4|0.5|0.6|0.7|0.8|0.9|0.95|0.99,1,False,True
20260910T121336Z,bbb,10,overall,500,d2_h50_tanh,2.0,0.4753342143977201,-9.553173497727316,0.624,0.3970981818798486,0.0995961082005692,0.2105454545454545,-0.2105454545454545,5403,38.765,,250,500,0.1,4000,1.959963984540054,0.1|0.2|0.3|0.4|0.5|0.6|0.7|0.8|0.9|0.95|0.99,1,False,True
20260910T121336Z,laplace,10,in_range,300,d2_h50_tanh,2.0,0.1028396312521422,0.8562300606116021,0.9566666666666668,0.4036918158798785,0.1005822241606943,0.0093939393939393,-0.0063636363636363,2702,5.879,,250,500,0.1,4000,1.959963984540054,0.1|0.2|0.3|0.4|0.5|0.6|0.7|0.8|0.9|0.95|0.99,1,False,True
20260910T121336Z,laplace,10,extrapolation,200,d2_h50_tanh,2.0,0.5101109474315272,-0.976544306874391,0.73,1.3700484204673882,0.1005822241606943,0.2345454545454545,-0.2345454545454545,2702,5.879,,250,500,0.1,4000,1.959963984540054,0.1|0.2|0.3|0.4|0.5|0.6|0.7|0.8|0.9|0.95|0.99,1,False,True
20260910T121336Z,laplace,10,overall,500,d2_h50_tanh,2.0,0.3323113981335008,0.1231203136172047,0.866,0.7902344577148824,0.1005822241606943,0.0976363636363636,-0.0976363636363636,2702,5.879,,250,500,0.1,4000,1.959963984540054,0.1|0.2|0.3|0.4|0.5|0.6|0.7|0.8|0.9|0.95|0.99,1,False,True
20260910T121336Z,gp,10,in_range,300,,,0.1008159465175073,0.8755020159723953,0.9566666666666668,0.4031218518950242,0.1013079435830138,0.0193939393939394,-0.0018181818181818,3,1.084,,250,500,0.1,4000,1.959963984540054,0.1|0.2|0.3|0.4|0.5|0.6|0.7|0.8|0.9|0.95|0.99,1,False,True
20260910T121336Z,gp,10,extrapolation,200,,,0.245833354331579,0.050604522196391,0.99,1.271384688576906,0.1013079435830138,0.0727272727272727,0.0727272727272727,3,1.084,,250,500,0.1,4000,1.959963984540054,0.1|0.2|0.3|0.4|0.5|0.6|0.7|0.8|0.9|0.95|0.99,1,False,True
20260910T121336Z,gp,10,overall,500,,,0.1739882992735396,0.5455430184619936,0.97,0.7504269865677771,0.1013079435830138,0.028,0.028,3,1.084,,250,500,0.1,4000,1.959963984540054,0.1|0.2|0.3|0.4|0.5|0.6|0.7|0.8|0.9|0.95|0.99,1,False,True
20260910T121336Z,map,11,in_range,300,d2_h50_tanh,2.0,0.1087366011939058,0.7928625336005689,0.9333333333333332,0.3928625778014984,0.1002218869582166,0.0281818181818181,-0.0233333333333333,2702,16.44,,250,500,0.1,4000,1.959963984540054,0.1|0.2|0.3|0.4|0.5|0.6|0.7|0.8|0.9|0.95|0.99,1,False,True
20260910T121336Z,map,11,extrapolation,200,d2_h50_tanh,2.0,0.646367074418927,-19.41569498746468,0.135,0.3928625778014983,0.1002218869582166,0.5245454545454545,-0.5245454545454545,2702,16.44,,250,500,0.1,4000,1.959963984540054,0.1|0.2|0.3|0.4|0.5|0.6|0.7|0.8|0.9|0.95|0.99,1,False,True
20260910T121336Z,map,11,overall,500,d2_h50_tanh,2.0,0.4173851303301,-7.290560474825532,0.614,0.3928625778014983,0.1002218869582166,0.2238181818181818,-0.2238181818181818,2702,16.44,,250,500,0.1,4000,1.959963984540054,0.1|0.2|0.3|0.4|0.5|0.6|0.7|0.8|0.9|0.95|0.99,1,False,True
20260910T121336Z,mcd,11,in_range,300,d2_h50_tanh,2.0,0.1147100632426467,0.6236471678024306,0.9966666666666668,0.671540931380116,0.1457823121704658,0.1269696969696969,0.1269696969696969,2702,20.405,,250,500,0.1,4000,1.959963984540054,0.1|0.2|0.3|0.4|0.5|0.6|0.7|0.8|0.9|0.95|0.99,1,False,True
20260910T121336Z,mcd,11,extrapolation,200,d2_h50_tanh,2.0,0.9592725584667358,-13.126411908732551,0.06,0.7138239898255856,0.1457823121704658,0.5563636363636363,-0.5563636363636363,2702,20.405,,250,500,0.1,4000,1.959963984540054,0.1|0.2|0.3|0.4|0.5|0.6|0.7|0.8|0.9|0.95|0.99,1,False,True
20260910T121336Z,mcd,11,overall,500,d2_h50_tanh,2.0,0.6131692879918286,-4.876376462811563,0.622,0.6884541547583037,0.1457823121704658,0.1503636363636363,-0.1463636363636363,2702,20.405,,250,500,0.1,4000,1.959963984540054,0.1|0.2|0.3|0.4|0.5|0.6|0.7|0.8|0.9|0.95|0.99,1,False,True
20260910T121336Z,ensemble,11,in_range,300,d2_h50_tanh,2.0,0.1090685063216808,0.790801502202216,0.9366666666666666,0.398814995464102,0.1009130337357058,0.0278787878787878,-0.0218181818181818,13510,83.869,,250,500,0.1,4000,1.959963984540054,0.1|0.2|0.3|0.4|0.5|0.6|0.7|0.8|0.9|0.95|0.99,1,False,True
20260910T121336Z,ensemble,11,extrapolation,200,d2_h50_tanh,2.0,0.6246048115847239,-15.029783174605464,0.155,0.4368599607298087,0.1009130337357058,0.5113636363636364,-0.5113636363636364,13510,83.869,,250,500,0.1,4000,1.959963984540054,0.1|0.2|0.3|0.4|0.5|0.6|0.7|0.8|0.9|0.95|0.99,1,False,True
20260910T121336Z,ensemble,11,overall,500,d2_h50_tanh,2.0,0.4039678597421593,-5.537432368520855,0.624,0.4140329815703847,0.1009130337357058,0.2176363636363636,-0.2176363636363636,13510,83.869,,250,500,0.1,4000,1.959963984540054,0.1|0.2|0.3|0.4|0.5|0.6|0.7|0.8|0.9|0.95|0.99,1,False,True
20260910T121336Z,bbb,11,in_range,300,d2_h50_tanh,2.0,0.1145615367597038,0.7280730783913044,0.92,0.3928936527366513,0.0990139630606054,0.0433333333333333,-0.0433333333333333,5403,39.79,,250,500,0.1,4000,1.959963984540054,0.1|0.2|0.3|0.4|0.5|0.6|0.7|0.8|0.9|0.95|0.99,1,False,True
20260910T121336Z,bbb,11,extrapolation,200,d2_h50_tanh,2.0,0.8974777221773516,-38.41448105681418,0.05,0.3939361584382667,0.0990139630606054,0.5604545454545454,-0.5604545454545454,5403,39.79,,250,500,0.1,4000,1.959963984540054,0.1|0.2|0.3|0.4|0.5|0.6|0.7|0.8|0.9|0.95|0.99,1,False,True
20260910T121336Z,bbb,11,overall,500,d2_h50_tanh,2.0,0.5745094534859334,-14.92894857569089,0.572,0.3933106550172974,0.0990139630606054,0.2501818181818181,-0.2501818181818181,5403,39.79,,250,500,0.1,4000,1.959963984540054,0.1|0.2|0.3|0.4|0.5|0.6|0.7|0.8|0.9|0.95|0.99,1,False,True
20260910T121336Z,laplace,11,in_range,300,d2_h50_tanh,2.0,0.1087366011939058,0.7987939028199127,0.9366666666666666,0.401694424143513,0.1002218869582166,0.0221212121212121,-0.0148484848484848,2702,6.056,,250,500,0.1,4000,1.959963984540054,0.1|0.2|0.3|0.4|0.5|0.6|0.7|0.8|0.9|0.95|0.99,1,False,True
20260910T121336Z,laplace,11,extrapolation,200,d2_h50_tanh,2.0,0.646367074418927,-2.075819881294648,0.4,1.06965675036682,0.1002218869582166,0.4145454545454545,-0.4145454545454545,2702,6.056,,250,500,0.1,4000,1.959963984540054,0.1|0.2|0.3|0.4|0.5|0.6|0.7|0.8|0.9|0.95|0.99,1,False,True
20260910T121336Z,laplace,11,overall,500,d2_h50_tanh,2.0,0.4173851303301,-0.3510516108259117,0.722,0.6688793546328358,0.1002218869582166,0.1747272727272727,-0.1747272727272727,2702,6.056,,250,500,0.1,4000,1.959963984540054,0.1|0.2|0.3|0.4|0.5|0.6|0.7|0.8|0.9|0.95|0.99,1,False,True
20260910T121336Z,gp,11,in_range,300,,,0.10717920299295,0.8136090060018397,0.9433333333333334,0.4027100216582606,0.1012047180129364,0.0251515151515151,-0.0118181818181818,3,0.945,,250,500,0.1,4000,1.959963984540054,0.1|0.2|0.3|0.4|0.5|0.6|0.7|0.8|0.9|0.95|0.99,1,False,True
20260910T121336Z,gp,11,extrapolation,200,,,0.5032081691186931,-0.6968858511726559,0.835,1.2177941432969777,0.1012047180129364,0.2313636363636363,-0.2313636363636363,3,0.945,,250,500,0.1,4000,1.959963984540054,0.1|0.2|0.3|0.4|0.5|0.6|0.7|0.8|0.9|0.95|0.99,1,False,True
20260910T121336Z,gp,11,overall,500,,,0.328906998283158,0.2094110631320414,0.9,0.7287436703137473,0.1012047180129364,0.0999999999999999,-0.0996363636363636,3,0.945,,250,500,0.1,4000,1.959963984540054,0.1|0.2|0.3|0.4|0.5|0.6|0.7|0.8|0.9|0.95|0.99,1,False,True
20260910T121336Z,map,12,in_range,300,d2_h50_tanh,2.0,0.1003021175586234,0.8806262788106759,0.9333333333333332,0.3924260842893765,0.1001105345263442,0.0190909090909091,0.0124242424242424,2702,16.507,,250,500,0.1,4000,1.959963984540054,0.1|0.2|0.3|0.4|0.5|0.6|0.7|0.8|0.9|0.95|0.99,1,False,True
20260910T121336Z,map,12,extrapolation,200,d2_h50_tanh,2.0,0.5934091260940997,-16.18531915357067,0.12,0.3924260842893766,0.1001105345263442,0.5263636363636364,-0.5263636363636364,2702,16.507,,250,500,0.1,4000,1.959963984540054,0.1|0.2|0.3|0.4|0.5|0.6|0.7|0.8|0.9|0.95|0.99,1,False,True
20260910T121336Z,map,12,overall,500,d2_h50_tanh,2.0,0.3832623973790692,-5.945751894141863,0.608,0.3924260842893766,0.1001105345263442,0.2030909090909091,-0.2030909090909091,2702,16.507,,250,500,0.1,4000,1.959963984540054,0.1|0.2|0.3|0.4|0.5|0.6|0.7|0.8|0.9|0.95|0.99,1,False,True
20260910T121336Z,mcd,12,in_range,300,d2_h50_tanh,2.0,0.1164109926467994,0.6029065238379608,1.0,0.6863700558224813,0.1462507825165703,0.1221212121212121,0.1221212121212121,2702,19.35,,250,500,0.1,4000,1.959963984540054,0.1|0.2|0.3|0.4|0.5|0.6|0.7|0.8|0.9|0.95|0.99,1,False,True
20260910T121336Z,mcd,12,extrapolation,200,d2_h50_tanh,2.0,0.8952943805159431,-10.592300534335298,0.085,0.7356473854510901,0.1462507825165703,0.5518181818181819,-0.5518181818181819,2702,19.35,,250,500,0.1,4000,1.959963984540054,0.1|0.2|0.3|0.4|0.5|0.6|0.7|0.8|0.9|0.95|0.99,1,False,True
20260910T121336Z,mcd,12,overall,500,d2_h50_tanh,2.0,0.5733687492694195,-3.875176299431343,0.634,0.7060809876739247,0.1462507825165702,0.1474545454545454,-0.1474545454545454,2702,19.35,,250,500,0.1,4000,1.959963984540054,0.1|0.2|0.3|0.4|0.5|0.6|0.7|0.8|0.9|0.95|0.99,1,False,True
20260910T121336Z,ensemble,12,in_range,300,d2_h50_tanh,2.0,0.0996281769216245,0.8865092776569364,0.94,0.4008362289752633,0.1012887360299177,0.0248484848484848,0.0224242424242424,13510,84.752,,250,500,0.1,4000,1.959963984540054,0.1|0.2|0.3|0.4|0.5|0.6|0.7|0.8|0.9|0.95|0.99,1,False,True
20260910T121336Z,ensemble,12,extrapolation,200,d2_h50_tanh,2.0,0.528996403787538,-3.567223715668511,0.39,0.6984229749067044,0.1012887360299177,0.4313636363636364,-0.4313636363636364,13510,84.752,,250,500,0.1,4000,1.959963984540054,0.1|0.2|0.3|0.4|0.5|0.6|0.7|0.8|0.9|0.95|0.99,1,False,True
20260910T121336Z,ensemble,12,overall,500,d2_h50_tanh,2.0,0.3433516306501181,-0.8949839196732424,0.72,0.5198709273478397,0.1012887360299177,0.1590909090909091,-0.1590909090909091,13510,84.752,,250,500,0.1,4000,1.959963984540054,0.1|0.2|0.3|0.4|0.5|0.6|0.7|0.8|0.9|0.95|0.99,1,False,True
20260910T121336Z,bbb,12,in_range,300,d2_h50_tanh,2.0,0.1024497045097029,0.8584314713353606,0.96,0.4157947932494364,0.1050678816363119,0.0218181818181818,0.0199999999999999,5403,38.664,,250,500,0.1,4000,1.959963984540054,0.1|0.2|0.3|0.4|0.5|0.6|0.7|0.8|0.9|0.95|0.99,1,False,True
20260910T121336Z,bbb,12,extrapolation,200,d2_h50_tanh,2.0,0.8237305451769256,-28.55794349703728,0.08,0.4173926563468589,0.1050678816363119,0.545,-0.545,5403,38.664,,250,500,0.1,4000,1.959963984540054,0.1|0.2|0.3|0.4|0.5|0.6|0.7|0.8|0.9|0.95|0.99,1,False,True
20260910T121336Z,bbb,12,overall,500,d2_h50_tanh,2.0,0.526982323797929,-10.908118516013696,0.608,0.4164339384884055,0.1050678816363119,0.206,-0.206,5403,38.664,,250,500,0.1,4000,1.959963984540054,0.1|0.2|0.3|0.4|0.5|0.6|0.7|0.8|0.9|0.95|0.99,1,False,True
20260910T121336Z,laplace,12,in_range,300,d2_h50_tanh,2.0,0.1003021175586234,0.8802323086529702,0.9366666666666666,0.4008595250825031,0.1001105345263442,0.0203030303030303,0.0178787878787879,2702,5.956,,250,500,0.1,4000,1.959963984540054,0.1|0.2|0.3|0.4|0.5|0.6|0.7|0.8|0.9|0.95|0.99,1,False,True
20260910T121336Z,laplace,12,extrapolation,200,d2_h50_tanh,2.0,0.5934091260940997,-1.4663193726131163,0.545,1.093438346359101,0.1001105345263442,0.3781818181818182,-0.3781818181818182,2702,5.956,,250,500,0.1,4000,1.959963984540054,0.1|0.2|0.3|0.4|0.5|0.6|0.7|0.8|0.9|0.95|0.99,1,False,True
20260910T121336Z,laplace,12,overall,500,d2_h50_tanh,2.0,0.3832623973790692,-0.0583883638534643,0.78,0.6778910535931424,0.1001105345263442,0.1405454545454545,-0.1405454545454545,2702,5.956,,250,500,0.1,4000,1.959963984540054,0.1|0.2|0.3|0.4|0.5|0.6|0.7|0.8|0.9|0.95|0.99,1,False,True
20260910T121336Z,gp,12,in_range,300,,,0.0992251327902746,0.890399472170446,0.94,0.3994621537585072,0.1005328888444716,0.0242424242424242,0.02,3,1.436,,250,500,0.1,4000,1.959963984540054,0.1|0.2|0.3|0.4|0.5|0.6|0.7|0.8|0.9|0.95|0.99,1,False,True
20260910T121336Z,gp,12,extrapolation,200,,,0.3606478258161705,-0.1922510921999128,0.94,1.1289736109311372,0.1005328888444716,0.0672727272727272,-0.0663636363636363,3,1.436,,250,500,0.1,4000,1.959963984540054,0.1|0.2|0.3|0.4|0.5|0.6|0.7|0.8|0.9|0.95|0.99,1,False,True
20260910T121336Z,gp,12,overall,500,,,0.2406950724313252,0.4573392464223026,0.94,0.6912667366275591,0.1005328888444716,0.0196363636363636,-0.0145454545454545,3,1.436,,250,500,0.1,4000,1.959963984540054,0.1|0.2|0.3|0.4|0.5|0.6|0.7|0.8|0.9|0.95|0.99,1,False,True
20260910T121336Z,map,13,in_range,300,d2_h50_tanh,2.0,0.0947669929446209,0.9325813677594794,0.96,0.3988244982984499,0.1017428129915464,0.033030303030303,0.0324242424242424,2702,16.478,,250,500,0.1,4000,1.959963984540054,0.1|0.2|0.3|0.4|0.5|0.6|0.7|0.8|0.9|0.95|0.99,1,False,True
20260910T121336Z,map,13,extrapolation,200,d2_h50_tanh,2.0,0.3248596218918394,-3.731093379455588,0.38,0.3988244982984498,0.1017428129915464,0.389090909090909,-0.389090909090909,2702,16.478,,250,500,0.1,4000,1.959963984540054,0.1|0.2|0.3|0.4|0.5|0.6|0.7|0.8|0.9|0.95|0.99,1,False,True
20260910T121336Z,map,13,overall,500,d2_h50_tanh,2.0,0.2181787784028113,-0.9328885311265476,0.728,0.3988244982984498,0.1017428129915464,0.1361818181818182,-0.1361818181818182,2702,16.478,,250,500,0.1,4000,1.959963984540054,0.1|0.2|0.3|0.4|0.5|0.6|0.7|0.8|0.9|0.95|0.99,1,False,True
20260910T121336Z,mcd,13,in_range,300,d2_h50_tanh,2.0,0.1087918223797004,0.6127393966821822,0.9966666666666668,0.7085982705790883,0.1525135963107506,0.1427272727272727,0.1427272727272727,2702,19.179,,250,500,0.1,4000,1.959963984540054,0.1|0.2|0.3|0.4|0.5|0.6|0.7|0.8|0.9|0.95|0.99,1,False,True
20260910T121336Z,mcd,13,extrapolation,200,d2_h50_tanh,2.0,0.8572939311838096,-8.747666734451016,0.135,0.7786581288713974,0.1525135963107506,0.5222727272727273,-0.5222727272727273,2702,19.179,,250,500,0.1,4000,1.959963984540054,0.1|0.2|0.3|0.4|0.5|0.6|0.7|0.8|0.9|0.95|0.99,1,False,True
20260910T121336Z,mcd,13,overall,500,d2_h50_tanh,2.0,0.5487098961635866,-3.131423055771096,0.652,0.7366222138960119,0.1525135963107506,0.1232727272727272,-0.1232727272727272,2702,19.179,,250,500,0.1,4000,1.959963984540054,0.1|0.2|0.3|0.4|0.5|0.6|0.7|0.8|0.9|0.95|0.99,1,False,True
20260910T121336Z,ensemble,13,in_range,300,d2_h50_tanh,2.0,0.0954910349658403,0.9236739433757372,0.96,0.4049671914881016,0.1025702311015644,0.0348484848484848,0.0348484848484848,13510,84.526,,250,500,0.1,4000,1.959963984540054,0.1|0.2|0.3|0.4|0.5|0.6|0.7|0.8|0.9|0.95|0.99,1,False,True
20260910T121336Z,ensemble,13,extrapolation,200,d2_h50_tanh,2.0,0.3178282174760663,-1.989018519117717,0.53,0.4957870345287752,0.1025702311015645,0.3354545454545454,-0.3354545454545454,13510,84.526,,250,500,0.1,4000,1.959963984540054,0.1|0.2|0.3|0.4|0.5|0.6|0.7|0.8|0.9|0.95|0.99,1,False,True
20260910T121336Z,ensemble,13,overall,500,d2_h50_tanh,2.0,0.2141892457265627,-0.2414030416216445,0.788,0.4412951287043711,0.1025702311015644,0.1132727272727272,-0.1132727272727272,13510,84.526,,250,500,0.1,4000,1.959963984540054,0.1|0.2|0.3|0.4|0.5|0.6|0.7|0.8|0.9|0.95|0.99,1,False,True
20260910T121336Z,bbb,13,in_range,300,d2_h50_tanh,2.0,0.0999371615807849,0.881823057383654,0.9666666666666668,0.41280398750523,0.1041275136196194,0.0163636363636363,0.0145454545454545,5403,38.611,,250,500,0.1,4000,1.959963984540054,0.1|0.2|0.3|0.4|0.5|0.6|0.7|0.8|0.9|0.95|0.99,1,False,True
20260910T121336Z,bbb,13,extrapolation,200,d2_h50_tanh,2.0,0.5954691968880661,-14.555613221503869,0.2,0.4143021208189769,0.1041275136196194,0.4831818181818182,-0.4831818181818182,5403,38.611,,250,500,0.1,4000,1.959963984540054,0.1|0.2|0.3|0.4|0.5|0.6|0.7|0.8|0.9|0.95|0.99,1,False,True
20260910T121336Z,bbb,13,overall,500,d2_h50_tanh,2.0,0.3844813227400022,-5.293151454171355,0.66,0.4134032408307287,0.1041275136196194,0.1845454545454545,-0.1845454545454545,5403,38.611,,250,500,0.1,4000,1.959963984540054,0.1|0.2|0.3|0.4|0.5|0.6|0.7|0.8|0.9|0.95|0.99,1,False,True
20260910T121336Z,laplace,13,in_range,300,d2_h50_tanh,2.0,0.0947669929446209,0.9295256470217722,0.9633333333333334,0.4074474116396381,0.1017428129915464,0.0403030303030303,0.0403030303030303,2702,5.961,,250,500,0.1,4000,1.959963984540054,0.1|0.2|0.3|0.4|0.5|0.6|0.7|0.8|0.9|0.95|0.99,1,False,True
20260910T121336Z,laplace,13,extrapolation,200,d2_h50_tanh,2.0,0.3248596218918394,-0.17773995232945,0.995,1.5919897882885,0.1017428129915464,0.0836363636363636,0.019090909090909,2702,5.961,,250,500,0.1,4000,1.959963984540054,0.1|0.2|0.3|0.4|0.5|0.6|0.7|0.8|0.9|0.95|0.99,1,False,True
20260910T121336Z,laplace,13,overall,500,d2_h50_tanh,2.0,0.2181787784028113,0.4866194072812833,0.976,0.8812643622991829,0.1017428129915464,0.0372727272727272,0.0318181818181818,2702,5.961,,250,500,0.1,4000,1.959963984540054,0.1|0.2|0.3|0.4|0.5|0.6|0.7|0.8|0.9|0.95|0.99,1,False,True
20260910T121336Z,gp,13,in_range,300,,,0.0946663749254179,0.9312770253133904,0.96,0.405530515222148,0.1022364969912479,0.0354545454545454,0.0354545454545454,3,1.022,,250,500,0.1,4000,1.959963984540054,0.1|0.2|0.3|0.4|0.5|0.6|0.7|0.8|0.9|0.95|0.99,1,False,True
20260910T121336Z,gp,13,extrapolation,200,,,0.3523720087237101,-0.023419899625346,0.975,1.0992137225328955,0.1022364969912479,0.0786363636363636,-0.0659090909090909,3,1.022,,250,500,0.1,4000,1.959963984540054,0.1|0.2|0.3|0.4|0.5|0.6|0.7|0.8|0.9|0.95|0.99,1,False,True
20260910T121336Z,gp,13,overall,500,,,0.2346133980353741,0.5493982553378958,0.966,0.6830037981464473,0.1022364969912479,0.0189090909090909,-0.005090909090909,3,1.022,,250,500,0.1,4000,1.959963984540054,0.1|0.2|0.3|0.4|0.5|0.6|0.7|0.8|0.9|0.95|0.99,1,False,True
20260910T121336Z,map,14,in_range,300,d2_h50_tanh,2.0,0.107008301530348,0.8004818429320273,0.9166666666666666,0.3723018935467749,0.0949767180630472,0.0354545454545454,-0.0354545454545454,2702,16.918,,250,500,0.1,4000,1.959963984540054,0.1|0.2|0.3|0.4|0.5|0.6|0.7|0.8|0.9|0.95|0.99,1,False,True
20260910T121336Z,map,14,extrapolation,200,d2_h50_tanh,2.0,0.2462669165175355,-1.9264289586881973,0.535,0.3723018935467749,0.0949767180630472,0.2822727272727273,-0.2822727272727273,2702,16.918,,250,500,0.1,4000,1.959963984540054,0.1|0.2|0.3|0.4|0.5|0.6|0.7|0.8|0.9|0.95|0.99,1,False,True
20260910T121336Z,map,14,overall,500,d2_h50_tanh,2.0,0.1764353242020085,-0.2902824777160625,0.764,0.3723018935467748,0.0949767180630472,0.1341818181818181,-0.1341818181818181,2702,16.918,,250,500,0.1,4000,1.959963984540054,0.1|0.2|0.3|0.4|0.5|0.6|0.7|0.8|0.9|0.95|0.99,1,False,True
20260910T121336Z,mcd,14,in_range,300,d2_h50_tanh,2.0,0.1128557321146145,0.6428041654763992,0.9933333333333332,0.6568264390244288,0.141284996179437,0.1206060606060606,0.1206060606060606,2702,19.782,,250,500,0.1,4000,1.959963984540054,0.1|0.2|0.3|0.4|0.5|0.6|0.7|0.8|0.9|0.95|0.99,1,False,True
20260910T121336Z,mcd,14,extrapolation,200,d2_h50_tanh,2.0,0.8910615853992413,-11.773795633788836,0.095,0.6948655626710593,0.141284996179437,0.5495454545454547,-0.5495454545454547,2702,19.782,,250,500,0.1,4000,1.959963984540054,0.1|0.2|0.3|0.4|0.5|0.6|0.7|0.8|0.9|0.95|0.99,1,False,True
20260910T121336Z,mcd,14,overall,500,d2_h50_tanh,2.0,0.5702965450994413,-4.323835754229696,0.634,0.672042088483081,0.141284996179437,0.1481818181818181,-0.1474545454545454,2702,19.782,,250,500,0.1,4000,1.959963984540054,0.1|0.2|0.3|0.4|0.5|0.6|0.7|0.8|0.9|0.95|0.99,1,False,True
20260910T121336Z,ensemble,14,in_range,300,d2_h50_tanh,2.0,0.1065375715072738,0.8108735198667155,0.9166666666666666,0.3788118284483111,0.0957281168850637,0.0296969696969697,-0.0296969696969697,13510,82.368,,250,500,0.1,4000,1.959963984540054,0.1|0.2|0.3|0.4|0.5|0.6|0.7|0.8|0.9|0.95|0.99,1,False,True
20260910T121336Z,ensemble,14,extrapolation,200,d2_h50_tanh,2.0,0.2502531539765137,-1.2743478699311408,0.55,0.430409308667124,0.0957281168850637,0.2827272727272727,-0.2827272727272727,13510,82.368,,250,500,0.1,4000,1.959963984540054,0.1|0.2|0.3|0.4|0.5|0.6|0.7|0.8|0.9|0.95|0.99,1,False,True
20260910T121336Z,ensemble,14,overall,500,d2_h50_tanh,2.0,0.1784959633035928,-0.023215036052427,0.77,0.3994508205358362,0.0957281168850637,0.1309090909090909,-0.1309090909090909,13510,82.368,,250,500,0.1,4000,1.959963984540054,0.1|0.2|0.3|0.4|0.5|0.6|0.7|0.8|0.9|0.95|0.99,1,False,True
20260910T121336Z,bbb,14,in_range,300,d2_h50_tanh,2.0,0.1070155025818089,0.8059379762056162,0.9266666666666666,0.3820784215546965,0.0964743312415442,0.023030303030303,-0.023030303030303,5403,39.073,,250,500,0.1,4000,1.959963984540054,0.1|0.2|0.3|0.4|0.5|0.6|0.7|0.8|0.9|0.95|0.99,1,False,True
20260910T121336Z,bbb,14,extrapolation,200,d2_h50_tanh,2.0,0.6005850007257382,-17.572525399259522,0.23,0.3822221099322462,0.0964743312415442,0.4627272727272727,-0.4627272727272727,5403,39.073,,250,500,0.1,4000,1.959963984540054,0.1|0.2|0.3|0.4|0.5|0.6|0.7|0.8|0.9|0.95|0.99,1,False,True
20260910T121336Z,bbb,14,overall,500,d2_h50_tanh,2.0,0.3887831373843215,-6.545447373980438,0.648,0.3821358969057164,0.0964743312415442,0.1989090909090909,-0.1989090909090909,5403,39.073,,250,500,0.1,4000,1.959963984540054,0.1|0.2|0.3|0.4|0.5|0.6|0.7|0.8|0.9|0.95|0.99,1,False,True
20260910T121336Z,laplace,14,in_range,300,d2_h50_tanh,2.0,0.107008301530348,0.8046473949049355,0.92,0.3795899868498777,0.0949767180630472,0.0306060606060605,-0.0306060606060605,2702,6.483,,250,500,0.1,4000,1.959963984540054,0.1|0.2|0.3|0.4|0.5|0.6|0.7|0.8|0.9|0.95|0.99,1,False,True
20260910T121336Z,laplace,14,extrapolation,200,d2_h50_tanh,2.0,0.2462669165175355,-0.0429466448075498,0.995,1.5511733225972637,0.0949767180630472,0.1254545454545454,0.1254545454545454,2702,6.483,,250,500,0.1,4000,1.959963984540054,0.1|0.2|0.3|0.4|0.5|0.6|0.7|0.8|0.9|0.95|0.99,1,False,True
20260910T121336Z,laplace,14,overall,500,d2_h50_tanh,2.0,0.1764353242020085,0.4656097790199414,0.95,0.8482233211488321,0.0949767180630472,0.0332727272727272,0.0318181818181818,2702,6.483,,250,500,0.1,4000,1.959963984540054,0.1|0.2|0.3|0.4|0.5|0.6|0.7|0.8|0.9|0.95|0.99,1,False,True
20260910T121336Z,gp,14,in_range,300,,,0.1049821405438712,0.8263044159217178,0.9166666666666666,0.3764933762254547,0.0949703218563648,0.0269696969696969,-0.0269696969696969,3,1.119,,250,500,0.1,4000,1.959963984540054,0.1|0.2|0.3|0.4|0.5|0.6|0.7|0.8|0.9|0.95|0.99,1,False,True
20260910T121336Z,gp,14,extrapolation,200,,,0.5649525309538537,-0.7186952325509404,0.735,1.0377245720361654,0.0949703218563648,0.2509090909090909,-0.2509090909090909,3,1.119,,250,500,0.1,4000,1.959963984540054,0.1|0.2|0.3|0.4|0.5|0.6|0.7|0.8|0.9|0.95|0.99,1,False,True
20260910T121336Z,gp,14,overall,500,,,0.3664441223329552,0.2083045565326545,0.844,0.640985854549739,0.0949703218563648,0.1165454545454545,-0.1165454545454545,3,1.119,,250,500,0.1,4000,1.959963984540054,0.1|0.2|0.3|0.4|0.5|0.6|0.7|0.8|0.9|0.95|0.99,1,False,True
20260910T121336Z,map,15,in_range,300,d2_h50_tanh,2.0,0.0951389063811062,0.9333487238271054,0.9533333333333334,0.3687251680113236,0.0940642713130906,0.0103030303030302,-0.009090909090909,2702,16.198,,250,500,0.1,4000,1.959963984540054,0.1|0.2|0.3|0.4|0.5|0.6|0.7|0.8|0.9|0.95|0.99,1,False,True
20260910T121336Z,map,15,extrapolation,200,d2_h50_tanh,2.0,0.3661505788313753,-6.131163239386998,0.32,0.3687251680113235,0.0940642713130906,0.4218181818181818,-0.4218181818181818,2702,16.198,,250,500,0.1,4000,1.959963984540054,0.1|0.2|0.3|0.4|0.5|0.6|0.7|0.8|0.9|0.95|0.99,1,False,True
20260910T121336Z,map,15,overall,500,d2_h50_tanh,2.0,0.2430171711131874,-1.892456061458536,0.7,0.3687251680113236,0.0940642713130906,0.1741818181818181,-0.1741818181818181,2702,16.198,,250,500,0.1,4000,1.959963984540054,0.1|0.2|0.3|0.4|0.5|0.6|0.7|0.8|0.9|0.95|0.99,1,False,True
20260910T121336Z,mcd,15,in_range,300,d2_h50_tanh,2.0,0.105288414507804,0.6888816435390106,1.0,0.6368081655611667,0.1359834670290711,0.1215151515151515,0.1215151515151515,2702,19.93,,250,500,0.1,4000,1.959963984540054,0.1|0.2|0.3|0.4|0.5|0.6|0.7|0.8|0.9|0.95|0.99,1,False,True
20260910T121336Z,mcd,15,extrapolation,200,d2_h50_tanh,2.0,0.8914086277582999,-12.268312981643222,0.09,0.681895345790368,0.1359834670290711,0.535,-0.535,2702,19.93,,250,500,0.1,4000,1.959963984540054,0.1|0.2|0.3|0.4|0.5|0.6|0.7|0.8|0.9|0.95|0.99,1,False,True
20260910T121336Z,mcd,15,overall,500,d2_h50_tanh,2.0,0.5696447373534792,-4.4939962065338825,0.636,0.654843037652847,0.1359834670290711,0.1410909090909091,-0.1410909090909091,2702,19.93,,250,500,0.1,4000,1.959963984540054,0.1|0.2|0.3|0.4|0.5|0.6|0.7|0.8|0.9|0.95|0.99,1,False,True
20260910T121336Z,ensemble,15,in_range,300,d2_h50_tanh,2.0,0.0959795609950868,0.9214117647237904,0.9566666666666668,0.3917412136237353,0.0958543973771012,0.01,0.0087878787878787,13510,84.646,,250,500,0.1,4000,1.959963984540054,0.1|0.2|0.3|0.4|0.5|0.6|0.7|0.8|0.9|0.95|0.99,1,False,True
20260910T121336Z,ensemble,15,extrapolation,200,d2_h50_tanh,2.0,0.390437103812504,-4.562895485589973,0.385,0.4417550949221306,0.0958543973771012,0.3977272727272727,-0.3977272727272727,13510,84.646,,250,500,0.1,4000,1.959963984540054,0.1|0.2|0.3|0.4|0.5|0.6|0.7|0.8|0.9|0.95|0.99,1,False,True
20260910T121336Z,ensemble,15,overall,500,d2_h50_tanh,2.0,0.2578831101307028,-1.2723111354017145,0.728,0.4117467661430934,0.0958543973771012,0.1538181818181818,-0.1538181818181818,13510,84.646,,250,500,0.1,4000,1.959963984540054,0.1|0.2|0.3|0.4|0.5|0.6|0.7|0.8|0.9|0.95|0.99,1,False,True
20260910T121336Z,bbb,15,in_range,300,d2_h50_tanh,2.0,0.1013331001527246,0.8711655506988192,0.94,0.3991253842836987,0.1006849975654747,0.016060606060606,0.0063636363636363,5403,39.069,,250,500,0.1,4000,1.959963984540054,0.1|0.2|0.3|0.4|0.5|0.6|0.7|0.8|0.9|0.95|0.99,1,False,True
20260910T121336Z,bbb,15,extrapolation,200,d2_h50_tanh,2.0,0.4590565824849709,-8.716158146283469,0.205,0.4012070867546978,0.1006849975654747,0.4727272727272727,-0.4727272727272727,5403,39.069,,250,500,0.1,4000,1.959963984540054,0.1|0.2|0.3|0.4|0.5|0.6|0.7|0.8|0.9|0.95|0.99,1,False,True
20260910T121336Z,bbb,15,overall,500,d2_h50_tanh,2.0,0.3007560750526074,-2.963763928094097,0.646,0.3999580652720984,0.1006849975654747,0.1852727272727272,-0.1852727272727272,5403,39.069,,250,500,0.1,4000,1.959963984540054,0.1|0.2|0.3|0.4|0.5|0.6|0.7|0.8|0.9|0.95|0.99,1,False,True
20260910T121336Z,laplace,15,in_range,300,d2_h50_tanh,2.0,0.0951389063811062,0.9328626575412629,0.9533333333333334,0.3775485064048949,0.0940642713130906,0.0099999999999999,-0.0009090909090909,2702,6.254,,250,500,0.1,4000,1.959963984540054,0.1|0.2|0.3|0.4|0.5|0.6|0.7|0.8|0.9|0.95|0.99,1,False,True
20260910T121336Z,laplace,15,extrapolation,200,d2_h50_tanh,2.0,0.3661505788313753,-0.2744425292388474,1.0,1.5139532212045623,0.0940642713130906,0.0681818181818181,-0.0381818181818181,2702,6.254,,250,500,0.1,4000,1.959963984540054,0.1|0.2|0.3|0.4|0.5|0.6|0.7|0.8|0.9|0.95|0.99,1,False,True
20260910T121336Z,laplace,15,overall,500,d2_h50_tanh,2.0,0.2430171711131874,0.4499405828292187,0.972,0.8321103923247619,0.0940642713130906,0.0303636363636363,-0.0158181818181818,2702,6.254,,250,500,0.1,4000,1.959963984540054,0.1|0.2|0.3|0.4|0.5|0.6|0.7|0.8|0.9|0.95|0.99,1,False,True
20260910T121336Z,gp,15,in_range,300,,,0.0940857493743574,0.9444409247838228,0.9566666666666668,0.3756807160550934,0.0945625172615964,0.0075757575757575,-0.0015151515151515,3,1.303,,250,500,0.1,4000,1.959963984540054,0.1|0.2|0.3|0.4|0.5|0.6|0.7|0.8|0.9|0.95|0.99,1,False,True
20260910T121336Z,gp,15,extrapolation,200,,,0.2504488254050879,0.1661577273211312,0.98,1.1434161519308823,0.0945625172615964,0.0827272727272727,0.0827272727272727,3,1.303,,250,500,0.1,4000,1.959963984540054,0.1|0.2|0.3|0.4|0.5|0.6|0.7|0.8|0.9|0.95|0.99,1,False,True
20260910T121336Z,gp,15,overall,500,,,0.1743591769879518,0.6331276457987461,0.966,0.682774890405409,0.0945625172615964,0.0321818181818181,0.0321818181818181,3,1.303,,250,500,0.1,4000,1.959963984540054,0.1|0.2|0.3|0.4|0.5|0.6|0.7|0.8|0.9|0.95|0.99,1,False,True
20260910T121336Z,map,16,in_range,300,d2_h50_tanh,2.0,0.1036404891267521,0.8390614289037845,0.92,0.3708881357155764,0.0946160589278922,0.0233333333333333,-0.0233333333333333,2702,16.581,,250,500,0.1,4000,1.959963984540054,0.1|0.2|0.3|0.4|0.5|0.6|0.7|0.8|0.9|0.95|0.99,1,False,True
20260910T121336Z,map,16,extrapolation,200,d2_h50_tanh,2.0,0.5745773587103932,-17.000008288828898,0.17,0.3708881357155764,0.0946160589278922,0.4981818181818181,-0.4981818181818181,2702,16.581,,250,500,0.1,4000,1.959963984540054,0.1|0.2|0.3|0.4|0.5|0.6|0.7|0.8|0.9|0.95|0.99,1,False,True
20260910T121336Z,map,16,overall,500,d2_h50_tanh,2.0,0.3721565088090012,-6.296566458189289,0.62,0.3708881357155764,0.0946160589278922,0.2132727272727272,-0.2132727272727272,2702,16.581,,250,500,0.1,4000,1.959963984540054,0.1|0.2|0.3|0.4|0.5|0.6|0.7|0.8|0.9|0.95|0.99,1,False,True
20260910T121336Z,mcd,16,in_range,300,d2_h50_tanh,2.0,0.1230018345549462,0.608552631960678,0.99,0.645130176129342,0.1400121881843405,0.086060606060606,0.086060606060606,2702,19.304,,250,500,0.1,4000,1.959963984540054,0.1|0.2|0.3|0.4|0.5|0.6|0.7|0.8|0.9|0.95|0.99,1,False,True
20260910T121336Z,mcd,16,extrapolation,200,d2_h50_tanh,2.0,0.8907900319883801,-11.791023171037818,0.11,0.6958062175639946,0.1400121881843405,0.5359090909090909,-0.5359090909090909,2702,19.304,,250,500,0.1,4000,1.959963984540054,0.1|0.2|0.3|0.4|0.5|0.6|0.7|0.8|0.9|0.95|0.99,1,False,True
20260910T121336Z,mcd,16,overall,500,d2_h50_tanh,2.0,0.5713846543426531,-4.351277689238721,0.638,0.665400592703203,0.1400121881843405,0.1627272727272727,-0.1627272727272727,2702,19.304,,250,500,0.1,4000,1.959963984540054,0.1|0.2|0.3|0.4|0.5|0.6|0.7|0.8|0.9|0.95|0.99,1,False,True
20260910T121336Z,ensemble,16,in_range,300,d2_h50_tanh,2.0,0.1027935389321992,0.8493017410296133,0.93,0.3742002104950807,0.094350507442206,0.0224242424242424,-0.0224242424242424,13510,82.963,,250,500,0.1,4000,1.959963984540054,0.1|0.2|0.3|0.4|0.5|0.6|0.7|0.8|0.9|0.95|0.99,1,False,True
20260910T121336Z,ensemble,16,extrapolation,200,d2_h50_tanh,2.0,0.5674175354373951,-14.795942077197678,0.19,0.3990966814953748,0.094350507442206,0.4845454545454545,-0.4845454545454545,13510,82.963,,250,500,0.1,4000,1.959963984540054,0.1|0.2|0.3|0.4|0.5|0.6|0.7|0.8|0.9|0.95|0.99,1,False,True
20260910T121336Z,ensemble,16,overall,500,d2_h50_tanh,2.0,0.3675934857916587,-5.408795786261303,0.634,0.3841587988951984,0.094350507442206,0.2072727272727272,-0.2072727272727272,13510,82.963,,250,500,0.1,4000,1.959963984540054,0.1|0.2|0.3|0.4|0.5|0.6|0.7|0.8|0.9|0.95|0.99,1,False,True
20260910T121336Z,bbb,16,in_range,300,d2_h50_tanh,2.0,0.1088879635916294,0.7802909996388573,0.91,0.3746726128816974,0.0944174677892199,0.049090909090909,-0.049090909090909,5403,38.422,,250,500,0.1,4000,1.959963984540054,0.1|0.2|0.3|0.4|0.5|0.6|0.7|0.8|0.9|0.95|0.99,1,False,True
20260910T121336Z,bbb,16,extrapolation,200,d2_h50_tanh,2.0,0.5948635346806511,-17.656802802632527,0.215,0.3767627477281282,0.0944174677892198,0.4595454545454545,-0.4595454545454545,5403,38.422,,250,500,0.1,4000,1.959963984540054,0.1|0.2|0.3|0.4|0.5|0.6|0.7|0.8|0.9|0.95|0.99,1,False,True
20260910T121336Z,bbb,16,overall,500,d2_h50_tanh,2.0,0.3855632284414354,-6.594546521269698,0.632,0.3755086668202697,0.0944174677892199,0.2132727272727272,-0.2132727272727272,5403,38.422,,250,500,0.1,4000,1.959963984540054,0.1|0.2|0.3|0.4|0.5|0.6|0.7|0.8|0.9|0.95|0.99,1,False,True
20260910T121336Z,laplace,16,in_range,300,d2_h50_tanh,2.0,0.1036404891267521,0.8442246621974596,0.9233333333333332,0.3782865469594587,0.0946160589278922,0.0175757575757575,-0.0175757575757575,2702,5.86,,250,500,0.1,4000,1.959963984540054,0.1|0.2|0.3|0.4|0.5|0.6|0.7|0.8|0.9|0.95|0.99,1,False,True
20260910T121336Z,laplace,16,extrapolation,200,d2_h50_tanh,2.0,0.5745773587103932,-1.325738385840966,0.64,1.042570078525143,0.0946160589278922,0.3395454545454546,-0.3395454545454546,2702,5.86,,250,500,0.1,4000,1.959963984540054,0.1|0.2|0.3|0.4|0.5|0.6|0.7|0.8|0.9|0.95|0.99,1,False,True
20260910T121336Z,laplace,16,overall,500,d2_h50_tanh,2.0,0.3721565088090012,-0.0237605570179105,0.81,0.6439999595857324,0.0946160589278922,0.1463636363636363,-0.1463636363636363,2702,5.86,,250,500,0.1,4000,1.959963984540054,0.1|0.2|0.3|0.4|0.5|0.6|0.7|0.8|0.9|0.95|0.99,1,False,True
20260910T121336Z,gp,16,in_range,300,,,0.1013192000845548,0.86801173870798,0.9333333333333332,0.3758321325794577,0.094699929279025,0.0136363636363636,-0.0124242424242424,3,1.292,,250,500,0.1,4000,1.959963984540054,0.1|0.2|0.3|0.4|0.5|0.6|0.7|0.8|0.9|0.95|0.99,1,False,True
20260910T121336Z,gp,16,extrapolation,200,,,0.2750703770046101,0.0786729130446213,0.985,1.105176605354018,0.094699929279025,0.0254545454545454,-0.0054545454545454,3,1.292,,250,500,0.1,4000,1.959963984540054,0.1|0.2|0.3|0.4|0.5|0.6|0.7|0.8|0.9|0.95|0.99,1,False,True
20260910T121336Z,gp,16,overall,500,,,0.1908529096074979,0.5522762084426365,0.954,0.6675699216892818,0.094699929279025,0.0136363636363636,-0.0096363636363636,3,1.292,,250,500,0.1,4000,1.959963984540054,0.1|0.2|0.3|0.4|0.5|0.6|0.7|0.8|0.9|0.95|0.99,1,False,True
20260910T121336Z,map,17,in_range,300,d2_h50_tanh,2.0,0.0999509878679284,0.88408875265544,0.9666666666666668,0.3891004327578656,0.0992621384441347,0.0236363636363636,-0.0193939393939394,2702,17.001,,250,500,0.1,4000,1.959963984540054,0.1|0.2|0.3|0.4|0.5|0.6|0.7|0.8|0.9|0.95|0.99,1,False,True
20260910T121336Z,map,17,extrapolation,200,d2_h50_tanh,2.0,0.2991401152444115,-3.149953338192652,0.39,0.3891004327578656,0.0992621384441347,0.3713636363636363,-0.3713636363636363,2702,17.001,,250,500,0.1,4000,1.959963984540054,0.1|0.2|0.3|0.4|0.5|0.6|0.7|0.8|0.9|0.95|0.99,1,False,True
20260910T121336Z,map,17,overall,500,d2_h50_tanh,2.0,0.204421240102003,-0.729528083683797,0.736,0.3891004327578656,0.0992621384441347,0.1601818181818181,-0.1601818181818181,2702,17.001,,250,500,0.1,4000,1.959963984540054,0.1|0.2|0.3|0.4|0.5|0.6|0.7|0.8|0.9|0.95|0.99,1,False,True
20260910T121336Z,mcd,17,in_range,300,d2_h50_tanh,2.0,0.1169359793073394,0.614880649284658,1.0,0.6674576935460164,0.1449358506456602,0.0948484848484848,0.0948484848484848,2702,19.224,,250,500,0.1,4000,1.959963984540054,0.1|0.2|0.3|0.4|0.5|0.6|0.7|0.8|0.9|0.95|0.99,1,False,True
20260910T121336Z,mcd,17,extrapolation,200,d2_h50_tanh,2.0,0.8740093805778768,-10.827250249021771,0.145,0.7116902175444169,0.1449358506456602,0.5286363636363637,-0.5286363636363637,2702,19.224,,250,500,0.1,4000,1.959963984540054,0.1|0.2|0.3|0.4|0.5|0.6|0.7|0.8|0.9|0.95|0.99,1,False,True
20260910T121336Z,mcd,17,overall,500,d2_h50_tanh,2.0,0.5601440644059253,-3.961971710037914,0.658,0.6851507031453766,0.1449358506456602,0.1545454545454545,-0.1545454545454545,2702,19.224,,250,500,0.1,4000,1.959963984540054,0.1|0.2|0.3|0.4|0.5|0.6|0.7|0.8|0.9|0.95|0.99,1,False,True
20260910T121336Z,ensemble,17,in_range,300,d2_h50_tanh,2.0,0.0980174259764272,0.8996289520217932,0.9666666666666668,0.3991769600923929,0.0994593096670981,0.0215151515151515,-0.0087878787878787,13510,84.453,,250,500,0.1,4000,1.959963984540054,0.1|0.2|0.3|0.4|0.5|0.6|0.7|0.8|0.9|0.95|0.99,1,False,True
20260910T121336Z,ensemble,17,extrapolation,200,d2_h50_tanh,2.0,0.2982626879552918,-2.155087793125659,0.42,0.4375532687445866,0.0994593096670981,0.3631818181818182,-0.3631818181818182,13510,84.453,,250,500,0.1,4000,1.959963984540054,0.1|0.2|0.3|0.4|0.5|0.6|0.7|0.8|0.9|0.95|0.99,1,False,True
20260910T121336Z,ensemble,17,overall,500,d2_h50_tanh,2.0,0.2033438021862308,-0.3222577460371875,0.748,0.4145274835532704,0.0994593096670981,0.1505454545454545,-0.1505454545454545,13510,84.453,,250,500,0.1,4000,1.959963984540054,0.1|0.2|0.3|0.4|0.5|0.6|0.7|0.8|0.9|0.95|0.99,1,False,True
20260910T121336Z,bbb,17,in_range,300,d2_h50_tanh,2.0,0.1037567595056872,0.8454463975617563,0.95,0.3966335181920145,0.1000160575326782,0.019090909090909,-0.0154545454545454,5403,39.462,,250,500,0.1,4000,1.959963984540054,0.1|0.2|0.3|0.4|0.5|0.6|0.7|0.8|0.9|0.95|0.99,1,False,True
20260910T121336Z,bbb,17,extrapolation,200,d2_h50_tanh,2.0,0.6220771971879776,-17.32849418945371,0.185,0.3986693522580675,0.1000160575326782,0.495,-0.495,5403,39.462,,250,500,0.1,4000,1.959963984540054,0.1|0.2|0.3|0.4|0.5|0.6|0.7|0.8|0.9|0.95|0.99,1,False,True
20260910T121336Z,bbb,17,overall,500,d2_h50_tanh,2.0,0.4015610723045407,-6.424129837244431,0.644,0.3974478518184356,0.1000160575326782,0.2072727272727272,-0.2072727272727272,5403,39.462,,250,500,0.1,4000,1.959963984540054,0.1|0.2|0.3|0.4|0.5|0.6|0.7|0.8|0.9|0.95|0.99,1,False,True
20260910T121336Z,laplace,17,in_range,300,d2_h50_tanh,2.0,0.0999509878679284,0.8827029296514085,0.97,0.3970406356725646,0.0992621384441347,0.0178787878787878,-0.0106060606060606,2702,5.925,,250,500,0.1,4000,1.959963984540054,0.1|0.2|0.3|0.4|0.5|0.6|0.7|0.8|0.9|0.95|0.99,1,False,True
20260910T121336Z,laplace,17,extrapolation,200,d2_h50_tanh,2.0,0.2991401152444115,-0.1547980864002024,1.0,1.6253881444071836,0.0992621384441347,0.0836363636363636,0.06,2702,5.925,,250,500,0.1,4000,1.959963984540054,0.1|0.2|0.3|0.4|0.5|0.6|0.7|0.8|0.9|0.95|0.99,1,False,True
20260910T121336Z,laplace,17,overall,500,d2_h50_tanh,2.0,0.204421240102003,0.4677025232307641,0.982,0.8883796391664123,0.0992621384441347,0.0372727272727272,0.0176363636363636,2702,5.925,,250,500,0.1,4000,1.959963984540054,0.1|0.2|0.3|0.4|0.5|0.6|0.7|0.8|0.9|0.95|0.99,1,False,True
20260910T121336Z,gp,17,in_range,300,,,0.0978218706163606,0.903983880517068,0.9666666666666668,0.3944591083962159,0.099358401983667,0.0151515151515151,-0.003030303030303,3,1.184,,250,500,0.1,4000,1.959963984540054,0.1|0.2|0.3|0.4|0.5|0.6|0.7|0.8|0.9|0.95|0.99,1,False,True
20260910T121336Z,gp,17,extrapolation,200,,,0.1235478607416167,0.3312923547115163,0.99,1.0848722972287763,0.099358401983667,0.174090909090909,0.174090909090909,3,1.184,,250,500,0.1,4000,1.959963984540054,0.1|0.2|0.3|0.4|0.5|0.6|0.7|0.8|0.9|0.95|0.99,1,False,True
20260910T121336Z,gp,17,overall,500,,,0.1088443869938288,0.6749072701948473,0.976,0.6706243839292402,0.099358401983667,0.0678181818181818,0.0678181818181818,3,1.184,,250,500,0.1,4000,1.959963984540054,0.1|0.2|0.3|0.4|0.5|0.6|0.7|0.8|0.9|0.95|0.99,1,False,True
20260910T121336Z,map,18,in_range,300,d2_h50_tanh,2.0,0.1080205703828827,0.8059504727802589,0.9566666666666668,0.4335098509647408,0.1105912798358059,0.0169696969696969,0.0169696969696969,2702,17.055,,250,500,0.1,4000,1.959963984540054,0.1|0.2|0.3|0.4|0.5|0.6|0.7|0.8|0.9|0.95|0.99,1,False,True
20260910T121336Z,map,18,extrapolation,200,d2_h50_tanh,2.0,0.2621788607901409,-1.5271361780264732,0.6,0.4335098509647406,0.1105912798358059,0.2577272727272727,-0.2577272727272727,2702,17.055,,250,500,0.1,4000,1.959963984540054,0.1|0.2|0.3|0.4|0.5|0.6|0.7|0.8|0.9|0.95|0.99,1,False,True
20260910T121336Z,map,18,overall,500,d2_h50_tanh,2.0,0.1857314410475309,-0.1272841875424338,0.814,0.4335098509647406,0.1105912798358059,0.0929090909090909,-0.0929090909090909,2702,17.055,,250,500,0.1,4000,1.959963984540054,0.1|0.2|0.3|0.4|0.5|0.6|0.7|0.8|0.9|0.95|0.99,1,False,True
20260910T121336Z,mcd,18,in_range,300,d2_h50_tanh,2.0,0.1297555152237604,0.5253807293135648,0.9966666666666668,0.7276301565656288,0.1575038556274227,0.1127272727272727,0.1127272727272727,2702,19.585,,250,500,0.1,4000,1.959963984540054,0.1|0.2|0.3|0.4|0.5|0.6|0.7|0.8|0.9|0.95|0.99,1,False,True
20260910T121336Z,mcd,18,extrapolation,200,d2_h50_tanh,2.0,0.8146728882509574,-7.76325638040013,0.19,0.7743723515618014,0.1575038556274227,0.509090909090909,-0.509090909090909,2702,19.585,,250,500,0.1,4000,1.959963984540054,0.1|0.2|0.3|0.4|0.5|0.6|0.7|0.8|0.9|0.95|0.99,1,False,True
20260910T121336Z,mcd,18,overall,500,d2_h50_tanh,2.0,0.5249558668869726,-2.790074114571913,0.674,0.7463270345640978,0.1575038556274227,0.136,-0.136,2702,19.585,,250,500,0.1,4000,1.959963984540054,0.1|0.2|0.3|0.4|0.5|0.6|0.7|0.8|0.9|0.95|0.99,1,False,True
20260910T121336Z,ensemble,18,in_range,300,d2_h50_tanh,2.0,0.0987879927571707,0.8848906767652704,0.9733333333333334,0.4334120055528647,0.1094337820917865,0.0351515151515151,0.0351515151515151,13510,84.472,,250,500,0.1,4000,1.959963984540054,0.1|0.2|0.3|0.4|0.5|0.6|0.7|0.8|0.9|0.95|0.99,1,False,True
20260910T121336Z,ensemble,18,extrapolation,200,d2_h50_tanh,2.0,0.394597111306101,-1.7447718759543378,0.555,0.6660341805260217,0.1094337820917865,0.2981818181818181,-0.2981818181818181,13510,84.472,,250,500,0.1,4000,1.959963984540054,0.1|0.2|0.3|0.4|0.5|0.6|0.7|0.8|0.9|0.95|0.99,1,False,True
20260910T121336Z,ensemble,18,overall,500,d2_h50_tanh,2.0,0.2610329339532509,-0.1669743443225729,0.806,0.5264608755421275,0.1094337820917865,0.0981818181818181,-0.0981818181818181,13510,84.472,,250,500,0.1,4000,1.959963984540054,0.1|0.2|0.3|0.4|0.5|0.6|0.7|0.8|0.9|0.95|0.99,1,False,True
20260910T121336Z,bbb,18,in_range,300,d2_h50_tanh,2.0,0.1028761161320219,0.850604568960278,0.9733333333333334,0.4330842514687834,0.1091200808965487,0.0175757575757575,0.0048484848484848,5403,38.336,,250,500,0.1,4000,1.959963984540054,0.1|0.2|0.3|0.4|0.5|0.6|0.7|0.8|0.9|0.95|0.99,1,False,True
20260910T121336Z,bbb,18,extrapolation,200,d2_h50_tanh,2.0,0.8270872582800697,-26.36021980640793,0.105,0.4356025906762811,0.1091200808965487,0.5395454545454546,-0.5395454545454546,5403,38.336,,250,500,0.1,4000,1.959963984540054,0.1|0.2|0.3|0.4|0.5|0.6|0.7|0.8|0.9|0.95|0.99,1,False,True
20260910T121336Z,bbb,18,overall,500,d2_h50_tanh,2.0,0.5291308253031027,-10.033725181187004,0.626,0.4340915871517824,0.1091200808965487,0.2129090909090909,-0.2129090909090909,5403,38.336,,250,500,0.1,4000,1.959963984540054,0.1|0.2|0.3|0.4|0.5|0.6|0.7|0.8|0.9|0.95|0.99,1,False,True
20260910T121336Z,laplace,18,in_range,300,d2_h50_tanh,2.0,0.1080205703828827,0.8042475892636374,0.9566666666666668,0.4424607219195314,0.1105912798358059,0.0233333333333333,0.0233333333333333,2702,5.92,,250,500,0.1,4000,1.959963984540054,0.1|0.2|0.3|0.4|0.5|0.6|0.7|0.8|0.9|0.95|0.99,1,False,True
20260910T121336Z,laplace,18,extrapolation,200,d2_h50_tanh,2.0,0.2621788607901409,-0.1420944411866037,1.0,1.6098460403832444,0.1105912798358059,0.0877272727272727,0.0877272727272727,2702,5.92,,250,500,0.1,4000,1.959963984540054,0.1|0.2|0.3|0.4|0.5|0.6|0.7|0.8|0.9|0.95|0.99,1,False,True
20260910T121336Z,laplace,18,overall,500,d2_h50_tanh,2.0,0.1857314410475309,0.4257107770835409,0.974,0.9094148493050168,0.1105912798358059,0.049090909090909,0.049090909090909,2702,5.92,,250,500,0.1,4000,1.959963984540054,0.1|0.2|0.3|0.4|0.5|0.6|0.7|0.8|0.9|0.95|0.99,1,False,True
20260910T121336Z,gp,18,in_range,300,,,0.0980286730267018,0.8912162017950963,0.97,0.4310935062016461,0.1086978907371456,0.0354545454545454,0.0354545454545454,3,0.938,,250,500,0.1,4000,1.959963984540054,0.1|0.2|0.3|0.4|0.5|0.6|0.7|0.8|0.9|0.95|0.99,1,False,True
20260910T121336Z,gp,18,extrapolation,200,,,0.2223330404348915,0.1629143026887633,0.99,1.1059192917087877,0.1086978907371456,0.0486363636363636,0.0486363636363636,3,0.938,,250,500,0.1,4000,1.959963984540054,0.1|0.2|0.3|0.4|0.5|0.6|0.7|0.8|0.9|0.95|0.99,1,False,True
20260910T121336Z,gp,18,overall,500,,,0.159807899644651,0.5998954421525632,0.978,0.7010238204045027,0.1086978907371456,0.0407272727272727,0.0407272727272727,3,0.938,,250,500,0.1,4000,1.959963984540054,0.1|0.2|0.3|0.4|0.5|0.6|0.7|0.8|0.9|0.95|0.99,1,False,True
20260910T121336Z,map,19,in_range,300,d2_h50_tanh,2.0,0.0986657619249905,0.8969302217467316,0.9566666666666668,0.3915245401433187,0.099880544548679,0.009090909090909,0.0072727272727272,2702,16.532,,250,500,0.1,4000,1.959963984540054,0.1|0.2|0.3|0.4|0.5|0.6|0.7|0.8|0.9|0.95|0.99,1,False,True
20260910T121336Z,map,19,extrapolation,200,d2_h50_tanh,2.0,0.4442526966887889,-8.506799191276746,0.27,0.3915245401433188,0.099880544548679,0.4286363636363636,-0.4286363636363636,2702,16.532,,250,500,0.1,4000,1.959963984540054,0.1|0.2|0.3|0.4|0.5|0.6|0.7|0.8|0.9|0.95|0.99,1,False,True
20260910T121336Z,map,19,overall,500,d2_h50_tanh,2.0,0.2911788847973832,-2.86456154346266,0.682,0.3915245401433188,0.099880544548679,0.1670909090909091,-0.1670909090909091,2702,16.532,,250,500,0.1,4000,1.959963984540054,0.1|0.2|0.3|0.4|0.5|0.6|0.7|0.8|0.9|0.95|0.99,1,False,True
20260910T121336Z,mcd,19,in_range,300,d2_h50_tanh,2.0,0.1309858653588847,0.4420829919047581,1.0,0.8447204252048806,0.1811572966322509,0.1463636363636364,0.1463636363636364,2702,19.302,,250,500,0.1,4000,1.959963984540054,0.1|0.2|0.3|0.4|0.5|0.6|0.7|0.8|0.9|0.95|0.99,1,False,True
20260910T121336Z,mcd,19,extrapolation,200,d2_h50_tanh,2.0,0.7116337174301723,-3.906850151228158,0.235,0.9410719858797676,0.1811572966322509,0.4963636363636363,-0.4963636363636363,2702,19.302,,250,500,0.1,4000,1.959963984540054,0.1|0.2|0.3|0.4|0.5|0.6|0.7|0.8|0.9|0.95|0.99,1,False,True
20260910T121336Z,mcd,19,overall,500,d2_h50_tanh,2.0,0.4613712141732339,-1.2974902653484084,0.694,0.8832610494748353,0.1811572966322509,0.1129090909090909,-0.1107272727272727,2702,19.302,,250,500,0.1,4000,1.959963984540054,0.1|0.2|0.3|0.4|0.5|0.6|0.7|0.8|0.9|0.95|0.99,1,False,True
20260910T121336Z,ensemble,19,in_range,300,d2_h50_tanh,2.0,0.0979915024709299,0.9029765553467,0.9566666666666668,0.3959189361199107,0.0999786781931908,0.0142424242424242,0.0136363636363636,13510,83.933,,250,500,0.1,4000,1.959963984540054,0.1|0.2|0.3|0.4|0.5|0.6|0.7|0.8|0.9|0.95|0.99,1,False,True
20260910T121336Z,ensemble,19,extrapolation,200,d2_h50_tanh,2.0,0.3926598271547915,-4.3172365288254895,0.31,0.4422472578944237,0.0999786781931908,0.4072727272727272,-0.4072727272727272,13510,83.933,,250,500,0.1,4000,1.959963984540054,0.1|0.2|0.3|0.4|0.5|0.6|0.7|0.8|0.9|0.95|0.99,1,False,True
20260910T121336Z,ensemble,19,overall,500,d2_h50_tanh,2.0,0.2596807591609329,-1.1851086783221758,0.698,0.4144502648297158,0.0999786781931908,0.1547272727272727,-0.1547272727272727,13510,83.933,,250,500,0.1,4000,1.959963984540054,0.1|0.2|0.3|0.4|0.5|0.6|0.7|0.8|0.9|0.95|0.99,1,False,True
20260910T121336Z,bbb,19,in_range,300,d2_h50_tanh,2.0,0.1043331543000556,0.8400893314931396,0.95,0.3936592517749221,0.0994260647729422,0.0124242424242424,-0.0093939393939393,5403,38.702,,250,500,0.1,4000,1.959963984540054,0.1|0.2|0.3|0.4|0.5|0.6|0.7|0.8|0.9|0.95|0.99,1,False,True
20260910T121336Z,bbb,19,extrapolation,200,d2_h50_tanh,2.0,0.652367506634324,-19.654906445550623,0.185,0.394065419217606,0.0994260647729422,0.4881818181818182,-0.4881818181818182,5403,38.702,,250,500,0.1,4000,1.959963984540054,0.1|0.2|0.3|0.4|0.5|0.6|0.7|0.8|0.9|0.95|0.99,1,False,True
20260910T121336Z,bbb,19,overall,500,d2_h50_tanh,2.0,0.420433811362304,-7.357908979324366,0.644,0.3938217187519957,0.0994260647729422,0.2009090909090909,-0.2009090909090909,5403,38.702,,250,500,0.1,4000,1.959963984540054,0.1|0.2|0.3|0.4|0.5|0.6|0.7|0.8|0.9|0.95|0.99,1,False,True
20260910T121336Z,laplace,19,in_range,300,d2_h50_tanh,2.0,0.0986657619249905,0.8962019002124142,0.9566666666666668,0.3999382687653989,0.099880544548679,0.0133333333333333,0.0133333333333333,2702,6.342,,250,500,0.1,4000,1.959963984540054,0.1|0.2|0.3|0.4|0.5|0.6|0.7|0.8|0.9|0.95|0.99,1,False,True
20260910T121336Z,laplace,19,extrapolation,200,d2_h50_tanh,2.0,0.4442526966887889,-0.540493399777795,0.905,1.3656358946410558,0.099880544548679,0.1404545454545454,-0.1395454545454545,2702,6.342,,250,500,0.1,4000,1.959963984540054,0.1|0.2|0.3|0.4|0.5|0.6|0.7|0.8|0.9|0.95|0.99,1,False,True
20260910T121336Z,laplace,19,overall,500,d2_h50_tanh,2.0,0.2911788847973832,0.3215237802163306,0.936,0.7862173191156616,0.099880544548679,0.0489090909090909,-0.0478181818181818,2702,6.342,,250,500,0.1,4000,1.959963984540054,0.1|0.2|0.3|0.4|0.5|0.6|0.7|0.8|0.9|0.95|0.99,1,False,True
20260910T121336Z,gp,19,in_range,300,,,0.0975713722527927,0.9076769204263072,0.9533333333333334,0.3943955509944013,0.0993948246838021,0.0127272727272727,0.0127272727272727,3,0.981,,250,500,0.1,4000,1.959963984540054,0.1|0.2|0.3|0.4|0.5|0.6|0.7|0.8|0.9|0.95|0.99,1,False,True
20260910T121336Z,gp,19,extrapolation,200,,,0.4140324859735813,-0.2100272883606926,0.965,1.136471237461258,0.0993948246838021,0.1495454545454545,-0.1413636363636363,3,0.981,,250,500,0.1,4000,1.959963984540054,0.1|0.2|0.3|0.4|0.5|0.6|0.7|0.8|0.9|0.95|0.99,1,False,True
20260910T121336Z,gp,19,overall,500,,,0.2725458922577284,0.4605952369115072,0.958,0.691225825581144,0.0993948246838021,0.0529090909090909,-0.0489090909090909,3,0.981,,250,500,0.1,4000,1.959963984540054,0.1|0.2|0.3|0.4|0.5|0.6|0.7|0.8|0.9|0.95|0.99,1,False,True
